[
  {
    "model": "core.faculty",
    "pk": 1,
    "fields": {
      "name": "Engineering",
      "description": "Quae labore blanditiis aperiam sint deserunt rem voluptas nesciunt expedita, at ipsa error debitis, iusto voluptatibus ex reiciendis ipsa iure, nostrum neque laudantium ipsa maiores dolorum commodi eius, eos quaerat quae ut dolore a quas inventore?",
      "created_at": "2025-05-06T20:47:49.384Z"
    }
  },
  {
    "model": "core.faculty",
    "pk": 2,
    "fields": {
      "name": "Medicine",
      "description": "Eum distinctio laboriosam similique nulla quo illo ad architecto suscipit nostrum ducimus, odit ullam vel laboriosam veniam aliquam officiis tempora rem magnam maiores adipisci, explicabo culpa necessitatibus ab.",
      "created_at": "2025-02-19T20:47:49.384Z"
    }
  },
  {
    "model": "core.faculty",
    "pk": 3,
    "fields": {
      "name": "Arts and Humanities",
      "description": "Veritatis rem saepe ipsam optio iste nemo, quidem assumenda dolore illum laudantium commodi iste cum dicta.",
      "created_at": "2025-05-06T20:47:49.384Z"
    }
  },
  {
    "model": "core.faculty",
    "pk": 4,
    "fields": {
      "name": "Science",
      "description": "Amet sunt itaque veritatis dolor et ex consectetur, dolor quos sunt perspiciatis iure placeat numquam repellat velit assumenda suscipit dignissimos, repudiandae amet blanditiis ea ex, ipsam architecto libero magnam perspiciatis blanditiis asperiores in",
      "created_at": "2025-05-05T20:47:49.384Z"
    }
  },
  {
    "model": "core.faculty",
    "pk": 5,
    "fields": {
      "name": "Bussiness",
      "description": "Corporis fuga illum dolorem optio aliquam autem nisi inventore ducimus maiores veniam, a sapiente at nesciunt distinctio eveniet officiis.\nRatione corporis iste sed omnis quibusdam quidem, velit animi eveniet incidunt molestias veritatis debitis, sunt",
      "created_at": "2025-03-17T20:47:49.384Z"
    }
  },
  {
    "model": "core.department",
    "pk": 1,
    "fields": {
      "name": "Civil Engineering  Tsest ...",
      "description": "Eum enim nam dolorem quis quasi, mollitia officiis nulla aut nihil cupiditate veniam nemo?",
      "faculty": 1,
      "created_at": "2025-04-02T20:47:49.384Z",
      "updated_at": null
    }
  },
  {
    "model": "core.department",
    "pk": 2,
    "fields": {
      "name": "Electrical Engineering",
      "description": "Explicabo placeat ab et voluptatum nam error?\nFacere laborum molestias.",
      "faculty": 1,
      "created_at": "2025-03-03T20:47:49.384Z",
      "updated_at": "2025-03-23T08:56:26.384Z"
    }
  },
  {
    "model": "core.department",
    "pk": 3,
    "fields": {
      "name": "Computer Science",
      "description": "Voluptatum consectetur rem assumenda adipisci aliquid fuga sed natus veniam odio, quia fugiat non alias excepturi quaerat magnam quibusdam dignissimos dolores, minima asperiores veritatis suscipit delectus illum?\nLaborum maiores sunt odio dolore",
      "faculty": 1,
      "created_at": "2025-04-28T20:47:49.384Z",
      "updated_at": null
    }
  },
  {
    "model": "core.department",
    "pk": 4,
    "fields": {
      "name": "Mechanical Engineering",
      "description": "Earum fugiat facilis, nesciunt adipisci hic distinctio pariatur incidunt perspiciatis, eveniet vitae excepturi laboriosam repudiandae iusto facere modi minus eligendi.",
      "faculty": 1,
      "created_at": "2025-04-09T20:47:49.385Z",
      "updated_at": "2025-04-18T06:49:58.385Z"
    }
  },
  {
    "model": "core.department",
    "pk": 5,
    "fields": {
      "name": "Anatomy",
      "description": "Quis natus omnis voluptates repudiandae animi quo doloremque at ipsa, velit eveniet necessitatibus itaque praesentium reiciendis fugiat facilis officia libero molestiae, vero est delectus iusto.\nAliquam facere voluptatibus perferendis magni cumque",
      "faculty": 2,
      "created_at": "2025-04-08T20:47:49.385Z",
      "updated_at": "2025-04-25T22:28:09.385Z"
    }
  },
  {
    "model": "core.department",
    "pk": 6,
    "fields": {
      "name": "Psychiatry",
      "description": "In blanditiis perspiciatis porro a odio sed reprehenderit, magni minus aliquid provident, perspiciatis minus placeat eum neque incidunt quod blanditiis, corporis doloremque nesciunt eius maiores eum?\nIn recusandae eius accusamus commodi molestias, id a",
      "faculty": 2,
      "created_at": "2025-04-25T20:47:49.385Z",
      "updated_at": null
    }
  },
  {
    "model": "core.department",
    "pk": 7,
    "fields": {
      "name": "Surgery",
      "description": "Nesciunt nam ratione quisquam nisi accusamus laborum, nemo fugit labore deserunt officia.\nDolorem non nisi animi, aperiam ad consequuntur quas quod iure atque fugiat amet quos delectus possimus.",
      "faculty": 2,
      "created_at": "2025-05-08T20:47:49.385Z",
      "updated_at": null
    }
  },
  {
    "model": "core.department",
    "pk": 8,
    "fields": {
      "name": "Pediatrics",
      "description": "Cupiditate eum aperiam a quas nostrum, beatae quaerat sed blanditiis sit illo consequatur dolor, error repellat architecto ab similique dignissimos neque temporibus, quaerat velit debitis sint optio suscipit ipsa est dolorum assumenda quisquam, doloribus",
      "faculty": 1,
      "created_at": "2025-05-04T20:47:49.385Z",
      "updated_at": null
    }
  },
  {
    "model": "core.department",
    "pk": 9,
    "fields": {
      "name": "Languages",
      "description": "Nobis unde explicabo, maiores numquam dolorem debitis, reprehenderit quo ullam deserunt nobis perspiciatis inventore quod dignissimos cupiditate praesentium distinctio, commodi aut est dicta.",
      "faculty": 3,
      "created_at": "2025-02-09T20:47:49.385Z",
      "updated_at": "2025-02-22T15:00:47.385Z"
    }
  },
  {
    "model": "core.department",
    "pk": 10,
    "fields": {
      "name": "Philosophy",
      "description": "Neque corrupti ducimus dignissimos, delectus tempora molestias impedit quibusdam debitis eveniet, enim vitae exercitationem officiis.\nAliquam assumenda in obcaecati fugit, mollitia nam voluptates eum consequatur velit doloribus itaque officia et soluta",
      "faculty": 3,
      "created_at": "2025-03-06T20:47:49.385Z",
      "updated_at": "2025-04-10T18:20:19.385Z"
    }
  },
  {
    "model": "core.department",
    "pk": 11,
    "fields": {
      "name": "Literature",
      "description": "Odit incidunt pariatur sint nemo ab autem rerum eveniet, veritatis delectus ratione laborum minus earum eius, non molestias laudantium ut dolore est tempora veritatis ipsum eius, nisi vitae facere?",
      "faculty": 3,
      "created_at": "2025-03-25T20:47:49.385Z",
      "updated_at": "2025-04-29T18:41:47.385Z"
    }
  },
  {
    "model": "core.department",
    "pk": 12,
    "fields": {
      "name": "History",
      "description": "Soluta ut beatae deserunt ratione, velit amet totam, nesciunt quasi explicabo nihil minima vero expedita?\nAccusantium illo tempore voluptatem assumenda reprehenderit iusto maxime asperiores beatae atque sit?",
      "faculty": 3,
      "created_at": "2025-02-15T20:47:49.385Z",
      "updated_at": "2025-03-18T12:59:40.385Z"
    }
  },
  {
    "model": "core.department",
    "pk": 13,
    "fields": {
      "name": "Chemistry",
      "description": "Quidem reiciendis optio, ab iure molestias cupiditate numquam, possimus tempore distinctio earum quibusdam reprehenderit beatae dignissimos debitis at aliquam, fuga eligendi sunt atque sit adipisci ipsa?",
      "faculty": 4,
      "created_at": "2025-04-18T20:47:49.385Z",
      "updated_at": "2025-04-24T18:18:11.385Z"
    }
  },
  {
    "model": "core.department",
    "pk": 14,
    "fields": {
      "name": "Physics",
      "description": "Exercitationem quasi quidem ea sed facilis optio nihil perferendis excepturi, quasi alias molestiae, ipsa saepe iste enim?\nHic tempora optio possimus atque?",
      "faculty": 4,
      "created_at": "2025-03-05T20:47:49.385Z",
      "updated_at": "2025-04-13T15:51:17.385Z"
    }
  },
  {
    "model": "core.department",
    "pk": 15,
    "fields": {
      "name": "Biology",
      "description": "Magni voluptatem eveniet incidunt error nobis quia natus eaque earum sunt, quae assumenda ex inventore ab minima beatae architecto ad corrupti aliquid, unde soluta dignissimos maxime, dolor autem porro ipsam deserunt cum assumenda magni?\nMagnam sunt eum",
      "faculty": 4,
      "created_at": "2025-04-02T20:47:49.385Z",
      "updated_at": null
    }
  },
  {
    "model": "core.department",
    "pk": 16,
    "fields": {
      "name": "Mathematics",
      "description": "Obcaecati sequi asperiores magnam eos veritatis dolorum magni tempora deserunt modi ad, quod cumque repellendus similique sequi consequatur excepturi expedita quidem sint exercitationem architecto?",
      "faculty": 4,
      "created_at": "2025-02-22T20:47:49.385Z",
      "updated_at": "2025-03-25T21:24:10.385Z"
    }
  },
  {
    "model": "core.department",
    "pk": 17,
    "fields": {
      "name": "Marketing",
      "description": "Facere error vero atque sunt porro repellendus aliquid adipisci, quaerat maxime hic nemo molestiae modi aperiam recusandae, alias porro facilis quos exercitationem, rem voluptate maiores molestiae culpa qui error vel ipsum?\nVel nihil rerum quas ipsa",
      "faculty": 5,
      "created_at": "2025-03-08T20:47:49.385Z",
      "updated_at": "2025-04-05T17:58:03.385Z"
    }
  },
  {
    "model": "core.department",
    "pk": 18,
    "fields": {
      "name": "Accounting",
      "description": "Obcaecati incidunt ad veritatis rem fuga qui minima, ratione quia maiores repellendus voluptatibus nulla dolorum asperiores nemo unde necessitatibus?",
      "faculty": 5,
      "created_at": "2025-03-24T20:47:49.385Z",
      "updated_at": "2025-04-21T18:38:07.385Z"
    }
  },
  {
    "model": "core.department",
    "pk": 19,
    "fields": {
      "name": "Finance",
      "description": "Quos iste quas aspernatur nam ea, recusandae quia qui culpa sit ullam suscipit officiis dolor obcaecati voluptate molestias, et exercitationem atque reiciendis rem ex.\nAccusantium blanditiis nostrum vero temporibus dolorem laboriosam obcaecati vitae est",
      "faculty": 5,
      "created_at": "2025-04-18T20:47:49.386Z",
      "updated_at": null
    }
  },
  {
    "model": "core.department",
    "pk": 20,
    "fields": {
      "name": "Management",
      "description": "Laboriosam incidunt saepe aspernatur dolor at?",
      "faculty": 5,
      "created_at": "2025-03-31T20:47:49.386Z",
      "updated_at": "2025-04-30T14:37:16.386Z"
    }
  },
  {
    "model": "core.course",
    "pk": 5,
    "fields": {
      "name": "Bachelor of science  in Computer Science",
      "code": "BCSC",
      "description": "",
      "department": 3,
      "duration": 0,
      "credits": 0,
      "level": "undergraduate",
      "created_at": "2025-05-20T16:23:04.014Z",
      "updated_at": null
    }
  },
  {
    "model": "core.course",
    "pk": 7,
    "fields": {
      "name": "BACHELOR OF Biomedical Engineering",
      "code": "TNZH",
      "description": "",
      "department": 15,
      "duration": 0,
      "credits": 0,
      "level": "undergraduate",
      "created_at": "2025-05-21T12:03:07.707Z",
      "updated_at": null
    }
  },
  {
    "model": "core.course",
    "pk": 8,
    "fields": {
      "name": "Bachelor Of Arts (Arts)",
      "code": "KBBS",
      "description": "",
      "department": 9,
      "duration": 0,
      "credits": 0,
      "level": "undergraduate",
      "created_at": "2025-05-21T12:04:18.801Z",
      "updated_at": null
    }
  },
  {
    "model": "core.courseunit",
    "pk": 9,
    "fields": {
      "course": 5,
      "name": "Communication Skills",
      "code": "CSK 101",
      "description": "",
      "created_at": "2025-05-21T12:39:02.377Z",
      "updated_at": null
    }
  },
  {
    "model": "core.courseunit",
    "pk": 11,
    "fields": {
      "course": 7,
      "name": "Analytical Chemistry",
      "code": "BBE1201",
      "description": "",
      "created_at": "2025-05-21T12:03:07.733Z",
      "updated_at": null
    }
  },
  {
    "model": "core.courseunit",
    "pk": 17,
    "fields": {
      "course": 8,
      "name": "Language And Literature",
      "code": "LIT 1102",
      "description": "hello sdhjs",
      "created_at": "2025-05-21T21:00:00Z",
      "updated_at": "2025-05-21T21:00:00Z"
    }
  },
  {
    "model": "core.courseunit",
    "pk": 18,
    "fields": {
      "course": 5,
      "name": "Computational Mathematics",
      "code": "CSC 1206",
      "description": "",
      "created_at": "2025-05-22T12:11:11.537Z",
      "updated_at": null
    }
  },
  {
    "model": "core.courseunit",
    "pk": 19,
    "fields": {
      "course": 5,
      "name": "Computer Literacy",
      "code": "CSC 1100",
      "description": "",
      "created_at": "2025-05-22T12:11:25.748Z",
      "updated_at": null
    }
  },
  {
    "model": "core.courseunit",
    "pk": 24,
    "fields": {
      "course": 8,
      "name": "Advanced German Language Skills",
      "code": "GRA 1101",
      "description": "",
      "created_at": "2025-05-23T09:11:04.838Z",
      "updated_at": null
    }
  },
  {
    "model": "core.courseunit",
    "pk": 26,
    "fields": {
      "course": 8,
      "name": "Basic Oral / Aural Skills in Lwo",
      "code": "LWA 1102",
      "description": "",
      "created_at": "2025-05-23T09:12:35.070Z",
      "updated_at": null
    }
  },
  {
    "model": "core.courseunit",
    "pk": 27,
    "fields": {
      "course": 8,
      "name": "Introduction to History of Philosophy",
      "code": "PHI 1102",
      "description": "",
      "created_at": "2025-05-23T09:12:53.439Z",
      "updated_at": null
    }
  },
  {
    "model": "core.courseunit",
    "pk": 28,
    "fields": {
      "course": 7,
      "name": "Applied Probability and Statistics",
      "code": "BBE2205",
      "description": "",
      "created_at": "2025-05-23T09:14:42.106Z",
      "updated_at": null
    }
  },
  {
    "model": "core.courseunit",
    "pk": 29,
    "fields": {
      "course": 7,
      "name": "Cardio Respiratory Blood and Body Fluids",
      "code": "BBE2104",
      "description": "",
      "created_at": "2025-05-23T09:15:00.458Z",
      "updated_at": null
    }
  },
  {
    "model": "core.role",
    "pk": 1,
    "fields": {
      "name": "student",
      "description": "Student role",
      "permissions": []
    }
  },
  {
    "model": "core.role",
    "pk": 2,
    "fields": {
      "name": "lecturer",
      "description": "Lecturer role",
      "permissions": []
    }
  },
  {
    "model": "core.role",
    "pk": 3,
    "fields": {
      "name": "registrar",
      "description": "Registrar role",
      "permissions": []
    }
  },
  {
    "model": "core.user",
    "pk": 1,
    "fields": {
      "password": "pbkdf2_sha256$870000$y3j6jMHbHKFqg8OmeI94fS$KZdCYJJi1kPaW+uGzIicLv1ev8O1fsXX3f2mA+wWPQM=",
      "last_login": "2025-05-21T18:13:26.376Z",
      "is_superuser": false,
      "username": "registrar",
      "first_name": "",
      "last_name": "",
      "is_staff": true,
      "is_active": true,
      "date_joined": "2025-05-20T13:55:27.140Z",
      "email": "registrar@example.com",
      "updated_at": null,
      "groups": [],
      "user_permissions": [],
      "roles": [3]
    }
  },
  {
    "model": "core.user",
    "pk": 21,
    "fields": {
      "password": "pbkdf2_sha256$870000$qHJc39tSNB9ZV1wMD01qof$cUcfXLLhAGWEfAXmMgQak5ehY12v9aCNH0LewfpgJtE=",
      "last_login": "2025-05-23T09:00:06.671Z",
      "is_superuser": false,
      "username": "paul",
      "first_name": "",
      "last_name": "",
      "is_staff": false,
      "is_active": true,
      "date_joined": "2025-05-21T15:45:29.034Z",
      "email": "kato.keithpaul@students.mak.ac.ug",
      "updated_at": null,
      "groups": [],
      "user_permissions": [],
      "roles": [1]
    }
  },
  {
    "model": "core.user",
    "pk": 22,
    "fields": {
      "password": "pbkdf2_sha256$870000$O0oEDsqbMDJUvqZlFSxCZg$VxN/d7E5p33A75taM/mxH1LhwwNgTH04qhQC9H3ECzo=",
      "last_login": "2025-05-23T09:19:45.381Z",
      "is_superuser": false,
      "username": "john",
      "first_name": "",
      "last_name": "",
      "is_staff": true,
      "is_active": true,
      "date_joined": "2025-05-21T15:50:40.132Z",
      "email": "john.doe@gmail.com",
      "updated_at": null,
      "groups": [],
      "user_permissions": [],
      "roles": [2]
    }
  },
  {
    "model": "core.user",
    "pk": 23,
    "fields": {
      "password": "pbkdf2_sha256$870000$GLUSkFoEqV9WMunO7or7wv$xjwJdNJbf7d0Wu8POPI69inwqex8HS3k0b8UzsSAl1E=",
      "last_login": "2025-05-23T00:22:06.733Z",
      "is_superuser": false,
      "username": "lecturer",
      "first_name": "",
      "last_name": "",
      "is_staff": true,
      "is_active": true,
      "date_joined": "2025-05-23T00:22:05.880Z",
      "email": "lecturer@outlook.com",
      "updated_at": null,
      "groups": [],
      "user_permissions": [],
      "roles": [2]
    }
  },
  {
    "model": "core.user",
    "pk": 24,
    "fields": {
      "password": "pbkdf2_sha256$870000$WgB70Fx1XJxWsCXZt8p2eW$+ORX4pJ0RGrEJGp7EWcTt+brOif/bGTUbi8iRaPfjSQ=",
      "last_login": "2025-05-23T01:21:29.958Z",
      "is_superuser": false,
      "username": "jane",
      "first_name": "",
      "last_name": "",
      "is_staff": true,
      "is_active": true,
      "date_joined": "2025-05-23T01:21:28.934Z",
      "email": "jane.doe@gmail.com",
      "updated_at": null,
      "groups": [],
      "user_permissions": [],
      "roles": [2]
    }
  },
  {
    "model": "core.student",
    "pk": 21,
    "fields": {
      "student_no": "9f6336ee-7b05-4e2f-a793-ec566f48309d",
      "courses": [5]
    }
  },
  {
    "model": "core.staff",
    "pk": 22,
    "fields": {
      "staff_id": "bd89d571-9981-4111-ac9f-6d40e78bc61f",
      "departments": [],
      "course_units": [9, 17]
    }
  },
  {
    "model": "core.staff",
    "pk": 23,
    "fields": {
      "staff_id": "465b66d7-e3ca-435f-adae-c39243167843",
      "departments": [],
      "course_units": [18]
    }
  },
  {
    "model": "core.staff",
    "pk": 24,
    "fields": {
      "staff_id": "792d2126-0cf7-4a9a-be79-cc6c3d852665",
      "departments": [],
      "course_units": []
    }
  },
  {
    "model": "core.category",
    "pk": 1,
    "fields": {
      "name": "missing marks",
      "description": "If you have missing marks"
    }
  },
  {
    "model": "core.issue",
    "pk": 1,
    "fields": {
      "owner": 21,
      "assignee": 23,
      "title": "Have my marks missing",
      "description": null,
      "status": 1,
      "priority": 2,
      "escalation_level": 1,
      "notes": null,
      "course_unit": 18,
      "created_at": "2025-05-23T00:34:28.971Z",
      "updated_at": "2025-05-23T01:15:17.428Z",
      "categories": [1]
    }
  },
  {
    "model": "core.issue",
    "pk": 2,
    "fields": {
      "owner": 21,
      "assignee": 22,
      "title": "Some title",
      "description": null,
      "status": 8,
      "priority": 2,
      "escalation_level": 4,
      "notes": "Some notes from the registrar and also lecturer",
      "course_unit": 19,
      "created_at": "2025-05-23T09:01:05.912Z",
      "updated_at": "2025-05-23T09:25:23.526Z",
      "categories": [1]
    }
  },
  {
    "model": "core.attachment",
    "pk": 1,
    "fields": {
      "file": "487baae0-4774-44f8-affa-6811f5d82edd",
      "issue": 1,
      "name": "Keith Paul Kato.ipynb",
      "size": 26658,
      "type": "application/octet-stream",
      "created_at": "2025-05-23T00:34:28.989Z"
    }
  },
  {
    "model": "core.issuelog",
    "pk": 1,
    "fields": {
      "issue": 1,
      "assignee": null,
      "actor": 1,
      "status": 1,
      "priority": 2,
      "escalation_level": 1,
      "attachments": [
        {
          "id": 1,
          "file": "487baae0-4774-44f8-affa-6811f5d82edd",
          "name": "Keith Paul Kato.ipynb",
          "size": 26658,
          "type": "application/octet-stream",
          "issue_id": 1,
          "created_at": "2025-05-23T00:34:28.989Z"
        }
      ],
      "created_at": "2025-05-23T01:15:17.435Z",
      "categories": [1]
    }
  },
  {
    "model": "core.issuelog",
    "pk": 2,
    "fields": {
      "issue": 2,
      "assignee": null,
      "actor": 21,
      "status": 1,
      "priority": 2,
      "escalation_level": 1,
      "attachments": [],
      "created_at": "2025-05-23T09:01:25.817Z",
      "categories": [1]
    }
  },
  {
    "model": "core.issuelog",
    "pk": 3,
    "fields": {
      "issue": 2,
      "assignee": null,
      "actor": 1,
      "status": 1,
      "priority": 2,
      "escalation_level": 1,
      "attachments": [],
      "created_at": "2025-05-23T09:02:05.298Z",
      "categories": [1]
    }
  },
  {
    "model": "core.issuelog",
    "pk": 4,
    "fields": {
      "issue": 2,
      "assignee": 22,
      "actor": 1,
      "status": 1,
      "priority": 2,
      "escalation_level": 1,
      "attachments": [],
      "created_at": "2025-05-23T09:17:26.353Z",
      "categories": [1]
    }
  },
  {
    "model": "core.issuelog",
    "pk": 5,
    "fields": {
      "issue": 2,
      "assignee": 22,
      "actor": 1,
      "status": 8,
      "priority": 2,
      "escalation_level": 1,
      "attachments": [],
      "created_at": "2025-05-23T09:18:17.488Z",
      "categories": [1]
    }
  },
  {
    "model": "core.issuelog",
    "pk": 6,
    "fields": {
      "issue": 2,
      "assignee": 22,
      "actor": 1,
      "status": 8,
      "priority": 2,
      "escalation_level": 4,
      "attachments": [],
      "created_at": "2025-05-23T09:24:31.338Z",
      "categories": [1]
    }
  },
  {
    "model": "core.issuelog",
    "pk": 7,
    "fields": {
      "issue": 2,
      "assignee": 23,
      "actor": 1,
      "status": 8,
      "priority": 2,
      "escalation_level": 4,
      "attachments": [],
      "created_at": "2025-05-23T09:24:53.576Z",
      "categories": [1]
    }
  },
  {
    "model": "core.issuelog",
    "pk": 8,
    "fields": {
      "issue": 2,
      "assignee": 22,
      "actor": 22,
      "status": 8,
      "priority": 2,
      "escalation_level": 4,
      "attachments": [],
      "created_at": "2025-05-23T09:25:23.529Z",
      "categories": [1]
    }
  },
  {
    "model": "core.referencetoken",
    "pk": 17,
    "fields": {
      "email": "kato.keithpaul@students.mak.ac.ug",
      "role": 1,
      "token": "a77737fd-6135-48c8-a289-fec9690feffd",
      "is_used": true,
      "active": false
    }
  },
  {
    "model": "core.referencetoken",
    "pk": 18,
    "fields": {
      "email": "john.doe@gmail.com",
      "role": 2,
      "token": "daf5d4cc-c59d-4bfd-9986-7932c8f24428",
      "is_used": true,
      "active": false
    }
  },
  {
    "model": "core.referencetoken",
    "pk": 19,
    "fields": {
      "email": "lecturer@outlook.com",
      "role": 2,
      "token": "0afdcd81-7e5d-457d-a5ab-f7e490eb7bab",
      "is_used": true,
      "active": false
    }
  },
  {
    "model": "core.referencetoken",
    "pk": 20,
    "fields": {
      "email": "jane.doe@gmail.com",
      "role": 2,
      "token": "7399f22d-e9e2-4aa1-9a4e-17e618df52db",
      "is_used": true,
      "active": false
    }
  }
]
