[
  {
    "model": "core.role",
    "pk": 1,
    "fields": {
      "name": "registrar",
      "description": "Pariatur quae vitae rem facere esse earum dicta, cupiditate est error doloremque saepe distinctio beatae animi molestiae eum quasi quos, soluta nesciunt officiis in facilis harum nemo consequatur laudantium id eius commodi, provident autem voluptatem"
    }
  },
  {
    "model": "core.role",
    "pk": 2,
    "fields": {
      "name": "student",
      "description": "Tenetur error aspernatur temporibus, eum iusto nisi voluptates obcaecati magnam alias maiores ab, rem neque voluptatem magni reprehenderit unde obcaecati nam soluta, rerum atque beatae ea animi?"
    }
  },
  {
    "model": "core.role",
    "pk": 3,
    "fields": {
      "name": "lecturer",
      "description": "Temporibus dignissimos facere ratione impedit quod explicabo mollitia cumque?\nNumquam voluptatem nemo iste reiciendis."
    }
  },
  {
    "model": "core.user",
    "pk": 1,
    "fields": {
      "username": "oeu",
      "email": "nostrum.iure@outlook.com",
      "password": "pbkdf2_sha256$870000$2U700hGdAjepJHgjePr1fI$G+7WjSZ5+qJXKaypHPoDElY7GTvssB/TtUdvF7WG1pY=",
      "first_name": "Iure",
      "last_name": "Nostrum",
      "last_login": null,
      "is_staff": false,
      "is_active": true,
      "is_superuser": false,
      "date_joined": "2025-01-02T08:45:43.915877+00:00",
      "groups": [],
      "roles": [2],
      "user_permissions": []
    }
  },
  {
    "model": "core.user",
    "pk": 2,
    "fields": {
      "username": "oranm",
      "email": "praesentium.inventore@maxime.com",
      "password": "pbkdf2_sha256$870000$MmyQLADezRigPNO9StP0dn$pDOa4z4yK+oQn/pyV6xmtA+vvpP1zKh5VDY0EdQnvFI=",
      "first_name": "Inventore",
      "last_name": "Praesentium",
      "last_login": "2025-02-23T16:43:37.646103+00:00",
      "is_staff": false,
      "is_active": true,
      "is_superuser": false,
      "date_joined": "2024-12-24T08:45:44.646139+00:00",
      "groups": [],
      "roles": [2],
      "user_permissions": []
    }
  },
  {
    "model": "core.user",
    "pk": 3,
    "fields": {
      "username": "upTb",
      "email": "itaque.temporibus@provident.net",
      "password": "pbkdf2_sha256$870000$2wyzqg1id4KyKJbxSC5DTs$m1RFoS/NXTSCAoC3JvsDhQdXXBNcxPBd/tfnSQHsc2Q=",
      "first_name": "Temporibus",
      "last_name": "Itaque",
      "last_login": "2025-02-03T21:49:07.789737+00:00",
      "is_staff": true,
      "is_active": true,
      "is_superuser": false,
      "date_joined": "2025-02-06T08:45:45.789793+00:00",
      "groups": [],
      "roles": [1, 2, 3],
      "user_permissions": []
    }
  },
  {
    "model": "core.user",
    "pk": 4,
    "fields": {
      "username": "sEi",
      "email": "ducimus.esse@maxime.ac.ug",
      "password": "pbkdf2_sha256$870000$A6OWTzOYoDMZjUC8BXeoNa$whKQ0l+DJV1yrqKo9sL9b7mrxupldjJgVDyIjNown9U=",
      "first_name": "Esse",
      "last_name": "Ducimus",
      "last_login": "2025-02-28T11:24:47.461861+00:00",
      "is_staff": true,
      "is_active": true,
      "is_superuser": false,
      "date_joined": "2025-01-12T08:45:46.461897+00:00",
      "groups": [],
      "roles": [2],
      "user_permissions": []
    }
  },
  {
    "model": "core.user",
    "pk": 5,
    "fields": {
      "username": "Cm",
      "email": "cum.eius@maxime.dev",
      "password": "pbkdf2_sha256$870000$AYtUQgUo4CMe4d2kJGq9ZS$aTWkP6SltlEpj/HrjgW/u4oPl8arvLyN9/O+pJ7e8X8=",
      "first_name": "Eius",
      "last_name": "Cum",
      "last_login": null,
      "is_staff": true,
      "is_active": true,
      "is_superuser": false,
      "date_joined": "2025-02-13T08:45:47.108937+00:00",
      "groups": [],
      "roles": [1, 2],
      "user_permissions": []
    }
  },
  {
    "model": "core.user",
    "pk": 6,
    "fields": {
      "username": "le",
      "email": "illum.molestiae@dolorum.dev",
      "password": "pbkdf2_sha256$870000$Db8jctPjf4B8JyEpUcthbe$V1cY53j6hFWekyR9CTKeXkY4k8ionJqqN1Gw2057ooA=",
      "first_name": "Molestiae",
      "last_name": "Illum",
      "last_login": "2025-01-11T11:43:12.953825+00:00",
      "is_staff": true,
      "is_active": true,
      "is_superuser": false,
      "date_joined": "2025-03-07T08:45:47.953867+00:00",
      "groups": [],
      "roles": [2],
      "user_permissions": []
    }
  },
  {
    "model": "core.user",
    "pk": 7,
    "fields": {
      "username": "nquo",
      "email": "odio.consequuntur@dolorum.dev",
      "password": "pbkdf2_sha256$870000$u5v8rOFDg62duX99BuyYwq$0h5iYBGTZpTqPL2W0iaNJzsMKICbjIkqkLwhnq20QNY=",
      "first_name": "Consequuntur",
      "last_name": "Odio Porro",
      "last_login": null,
      "is_staff": false,
      "is_active": true,
      "is_superuser": false,
      "date_joined": "2025-01-17T08:45:48.677600+00:00",
      "groups": [],
      "roles": [2],
      "user_permissions": []
    }
  },
  {
    "model": "core.user",
    "pk": 8,
    "fields": {
      "username": "seii",
      "email": "neque.adipisci@students.mak.ac.ug",
      "password": "pbkdf2_sha256$870000$lnzfOGN0gbb362fcRM7uXp$kF1t6dyIsFK6yMVShUY1FPFMgBnVuqKsHxuxz9o9aH8=",
      "first_name": "Adipisci",
      "last_name": "Neque",
      "last_login": "2025-03-22T11:00:10.416373+00:00",
      "is_staff": false,
      "is_active": false,
      "is_superuser": false,
      "date_joined": "2025-03-18T08:45:49.416410+00:00",
      "groups": [],
      "roles": [2],
      "user_permissions": []
    }
  },
  {
    "model": "core.user",
    "pk": 9,
    "fields": {
      "username": "xspoC",
      "email": "explicabo.consectetur@yahoomail.com",
      "password": "pbkdf2_sha256$870000$lFzPgcq45Jz7j5mnsUH6i9$swRfCCfgUzB60SvV9KKfQf/+zOgWUne3Fk/0rurPFEw=",
      "first_name": "Consectetur",
      "last_name": "Explicabo",
      "last_login": "2025-03-24T20:02:32.366358+00:00",
      "is_staff": false,
      "is_active": true,
      "is_superuser": false,
      "date_joined": "2025-03-16T08:45:50.366423+00:00",
      "groups": [],
      "roles": [2],
      "user_permissions": []
    }
  },
  {
    "model": "core.user",
    "pk": 10,
    "fields": {
      "username": "bA",
      "email": "ab.quas@gmail.com",
      "password": "pbkdf2_sha256$870000$97ZifUsym3ynUwxFvFTnxB$XRufNNaOiGfQn5LM4v1npWRmFHx2N1Lorjc4Lo9oBd4=",
      "first_name": "Quas",
      "last_name": "Ab",
      "last_login": null,
      "is_staff": false,
      "is_active": true,
      "is_superuser": false,
      "date_joined": "2025-02-11T08:45:51.067916+00:00",
      "groups": [],
      "roles": [2],
      "user_permissions": []
    }
  },
  {
    "model": "core.user",
    "pk": 11,
    "fields": {
      "username": "pl",
      "email": "culpa.illum@gmail.com",
      "password": "pbkdf2_sha256$870000$TPMtfwJHv2WQDE8wH1oetQ$+IvjNMVDoDIhB6BO17IUfhl3reesc+l9oEbL105twcQ=",
      "first_name": "Illum",
      "last_name": "Culpa",
      "last_login": "2025-02-01T14:51:34.718602+00:00",
      "is_staff": true,
      "is_active": true,
      "is_superuser": false,
      "date_joined": "2025-03-10T08:45:51.718633+00:00",
      "groups": [],
      "roles": [1, 2, 3],
      "user_permissions": []
    }
  },
  {
    "model": "core.user",
    "pk": 12,
    "fields": {
      "username": "nS",
      "email": "sequi.aspernatur@maxime.dev",
      "password": "pbkdf2_sha256$870000$pUkRYSmj1YkDSOorJrFgdc$zpzrnivF/c7zp6hyEpf96Io6ulNmWdlqdHxwetGnHVA=",
      "first_name": "Aspernatur",
      "last_name": "Sequi",
      "last_login": "2025-02-18T13:25:56.358897+00:00",
      "is_staff": false,
      "is_active": true,
      "is_superuser": false,
      "date_joined": "2025-01-22T08:45:52.358929+00:00",
      "groups": [],
      "roles": [2],
      "user_permissions": []
    }
  },
  {
    "model": "core.user",
    "pk": 13,
    "fields": {
      "username": "etcs",
      "email": "harum.necessitatibus@odit.ac.ug",
      "password": "pbkdf2_sha256$870000$BNthehTwxSITZC33IBDEQU$oDENuH+Iu99jehYVUIar+fvswqYA4x9sAmhMjLSZQ54=",
      "first_name": "Necessitatibus",
      "last_name": "Harum",
      "last_login": "2025-03-09T21:32:04.257240+00:00",
      "is_staff": true,
      "is_active": false,
      "is_superuser": false,
      "date_joined": "2025-03-03T08:45:53.257273+00:00",
      "groups": [],
      "roles": [3],
      "user_permissions": []
    }
  },
  {
    "model": "core.user",
    "pk": 14,
    "fields": {
      "username": "iumim",
      "email": "fugit.similique@gmail.com",
      "password": "pbkdf2_sha256$870000$eh9lHX2nIopGUF9JNwrWyi$sWgk77ei0cL/jsrb3CPrZwqaiuv78j0Jeoocqcmghqo=",
      "first_name": "Similique",
      "last_name": "Fugit Cum",
      "last_login": "2025-03-24T04:07:31.883792+00:00",
      "is_staff": true,
      "is_active": true,
      "is_superuser": false,
      "date_joined": "2025-01-26T08:45:53.883823+00:00",
      "groups": [],
      "roles": [1, 2, 3],
      "user_permissions": []
    }
  },
  {
    "model": "core.user",
    "pk": 15,
    "fields": {
      "username": "MdNmi",
      "email": "modi.nam@students.uni.ac.ug",
      "password": "pbkdf2_sha256$870000$VQnRr7lZTgMiQ6dxWD4rjn$JReFzuuu8wPLA6oo7A3TxwryFQtZIxLASsnKsIKIpvA=",
      "first_name": "Nam",
      "last_name": "Modi",
      "last_login": null,
      "is_staff": false,
      "is_active": true,
      "is_superuser": true,
      "date_joined": "2025-03-29T08:45:54.503203+00:00",
      "groups": [],
      "roles": [2],
      "user_permissions": []
    }
  },
  {
    "model": "core.user",
    "pk": 16,
    "fields": {
      "username": "iF",
      "email": "facilis.molestiae@maxime.ac.ug",
      "password": "pbkdf2_sha256$870000$RQORbkKRcVPQqL7pxmpzHl$IM80qXZB/PhxfZNmvBfmZqkAY+nAZ9MkWrXSdcR1erE=",
      "first_name": "Molestiae",
      "last_name": "Facilis Eveniet",
      "last_login": "2025-03-23T12:46:01.418446+00:00",
      "is_staff": true,
      "is_active": true,
      "is_superuser": false,
      "date_joined": "2025-02-19T08:45:55.418479+00:00",
      "groups": [],
      "roles": [2, 3],
      "user_permissions": []
    }
  },
  {
    "model": "core.user",
    "pk": 17,
    "fields": {
      "username": "uAtp",
      "email": "expedita.aliquid@provident.net",
      "password": "pbkdf2_sha256$870000$VCJOoEwZtpfgiy2PmAbISz$j1oBvgOJQ26nbvUZ/QcWfETqMKJq2b5J1ZkYUaPosuQ=",
      "first_name": "Aliquid",
      "last_name": "Expedita",
      "last_login": null,
      "is_staff": false,
      "is_active": true,
      "is_superuser": true,
      "date_joined": "2025-02-15T08:45:56.074599+00:00",
      "groups": [],
      "roles": [2],
      "user_permissions": []
    }
  },
  {
    "model": "core.faculty",
    "pk": 1,
    "fields": {
      "name": "Engineering",
      "description": "Corporis eaque necessitatibus quia, deserunt nam blanditiis quo harum, suscipit quidem perspiciatis beatae, blanditiis saepe quod expedita voluptatem explicabo velit ex veniam eum.\nPlaceat expedita assumenda fugit, aspernatur facere iusto ducimus esse",
      "created_at": "2024-12-24T08:45:56.074693+00:00"
    }
  },
  {
    "model": "core.faculty",
    "pk": 2,
    "fields": {
      "name": "Science",
      "description": "Earum totam quasi similique veritatis neque veniam ad dolor minus repudiandae pariatur, nisi aliquid nulla nostrum vero ipsum quisquam asperiores.",
      "created_at": "2025-03-30T08:45:56.074767+00:00"
    }
  },
  {
    "model": "core.faculty",
    "pk": 3,
    "fields": {
      "name": "Medicine",
      "description": "Libero vitae veritatis tempora a dicta dolorem esse nihil at?\nEum expedita officia possimus veritatis dolore minima laborum temporibus earum non, exercitationem illum magnam numquam maiores, velit recusandae ratione dolores incidunt eveniet, eum",
      "created_at": "2025-01-21T08:45:56.074802+00:00"
    }
  },
  {
    "model": "core.faculty",
    "pk": 4,
    "fields": {
      "name": "Bussiness",
      "description": "Earum porro magnam?\nLabore suscipit aperiam culpa natus doloremque iste quasi, optio reprehenderit praesentium quam harum, vel voluptas asperiores, accusamus ab nobis atque est repellendus quidem eos aperiam voluptas laudantium.",
      "created_at": "2025-01-10T08:45:56.074854+00:00"
    }
  },
  {
    "model": "core.faculty",
    "pk": 5,
    "fields": {
      "name": "Arts and Humanities",
      "description": "Explicabo minima in corporis amet similique eum molestiae, consectetur qui rem, assumenda ab consequatur sunt, sit expedita blanditiis dolores placeat suscipit odit voluptates beatae distinctio doloribus dolore.\nSaepe a adipisci ipsam aspernatur",
      "created_at": "2025-03-01T08:45:56.074897+00:00"
    }
  },
  {
    "model": "core.department",
    "pk": 1,
    "fields": {
      "name": "Electrical Engineering",
      "description": "Quos nemo nisi dicta, architecto totam nisi vel?\nCommodi ratione excepturi corrupti nam maxime iste est accusantium porro mollitia facere, ducimus error at eligendi autem, quos nostrum voluptate ipsam cum cumque expedita, culpa eveniet et eius excepturi",
      "faculty": 1,
      "created_at": "2025-03-30T08:45:56.074959+00:00",
      "updated_at": null
    }
  },
  {
    "model": "core.department",
    "pk": 2,
    "fields": {
      "name": "Civil Engineering",
      "description": "Esse error assumenda vero iure labore provident minus magni impedit, temporibus impedit eaque nemo quia assumenda voluptas corrupti deserunt fuga cum dolorum, obcaecati modi expedita saepe quod, quasi maiores debitis, iusto magnam eius amet.\nExplicabo",
      "faculty": 1,
      "created_at": "2025-01-12T08:45:56.075024+00:00",
      "updated_at": "2025-02-20T06:06:44.075024+00:00"
    }
  },
  {
    "model": "core.department",
    "pk": 3,
    "fields": {
      "name": "Computer Engineering",
      "description": "Necessitatibus nihil libero recusandae rerum officia nemo, natus sint deserunt fuga totam, repellat molestias provident, excepturi sequi facilis maxime veniam numquam nesciunt repudiandae commodi nemo inventore a?\nFacilis obcaecati consectetur optio animi",
      "faculty": 1,
      "created_at": "2025-01-18T08:45:56.075080+00:00",
      "updated_at": "2025-02-20T06:42:47.075080+00:00"
    }
  },
  {
    "model": "core.department",
    "pk": 4,
    "fields": {
      "name": "Mechanical Engineering",
      "description": "Ducimus nihil distinctio quibusdam quia tenetur ipsum consequuntur consequatur perferendis tempore, saepe blanditiis magnam omnis tempore maiores, eius ullam quaerat dolorem ipsum distinctio voluptatum unde dolores aut quis, fugit hic consequuntur amet",
      "faculty": 1,
      "created_at": "2024-12-24T08:45:56.075131+00:00",
      "updated_at": "2025-01-31T12:45:58.075131+00:00"
    }
  },
  {
    "model": "core.department",
    "pk": 5,
    "fields": {
      "name": "Computer Science",
      "description": "Ea reiciendis exercitationem ad repellat aspernatur, recusandae quas sequi at deleniti?\nVoluptate itaque vero voluptatem commodi alias ullam aspernatur officiis, quidem similique aut nobis sed ex eligendi pariatur, magni voluptatem quos ex illum eos",
      "faculty": 2,
      "created_at": "2025-01-16T08:45:56.075176+00:00",
      "updated_at": "2025-03-14T18:14:23.075176+00:00"
    }
  },
  {
    "model": "core.department",
    "pk": 6,
    "fields": {
      "name": "Physics",
      "description": "Et esse repellat, ut modi sunt delectus odio praesentium fugit ipsum provident asperiores corrupti illo, similique corporis ipsum culpa excepturi cum architecto aliquam sunt eum aperiam tempore.",
      "faculty": 2,
      "created_at": "2025-03-11T08:45:56.075219+00:00",
      "updated_at": null
    }
  },
  {
    "model": "core.department",
    "pk": 7,
    "fields": {
      "name": "Chemistry",
      "description": "Quia quod quibusdam voluptas quasi ratione inventore vel dolor aut, voluptatum nesciunt sunt laudantium dolore cum?\nSed iste beatae soluta, natus facilis perspiciatis unde sint alias repudiandae, reiciendis modi sit nisi qui quibusdam aliquid, nisi hic",
      "faculty": 2,
      "created_at": "2025-03-09T08:45:56.075249+00:00",
      "updated_at": null
    }
  },
  {
    "model": "core.department",
    "pk": 8,
    "fields": {
      "name": "Mathematics",
      "description": "Modi dignissimos voluptas facere cupiditate architecto laboriosam consequuntur, facilis cupiditate accusamus voluptates deleniti eligendi?\nCorrupti soluta alias delectus excepturi incidunt ducimus sed dolor suscipit eos, maiores iste voluptate est",
      "faculty": 2,
      "created_at": "2025-02-13T08:45:56.075302+00:00",
      "updated_at": "2025-02-24T07:07:14.075302+00:00"
    }
  },
  {
    "model": "core.department",
    "pk": 9,
    "fields": {
      "name": "Biology",
      "description": "Fuga in ipsum asperiores libero porro consequuntur itaque vel rerum voluptatem, incidunt voluptates excepturi?",
      "faculty": 2,
      "created_at": "2025-01-23T08:45:56.075356+00:00",
      "updated_at": "2025-02-26T23:38:12.075356+00:00"
    }
  },
  {
    "model": "core.department",
    "pk": 10,
    "fields": {
      "name": "Surgery",
      "description": "Possimus est provident fugit iusto consequuntur laudantium ducimus explicabo, obcaecati omnis amet dicta neque quis, aspernatur dicta porro quas in delectus laudantium ratione rerum quidem, cumque ratione aperiam perspiciatis velit est facere, pariatur",
      "faculty": 3,
      "created_at": "2025-02-24T08:45:56.075384+00:00",
      "updated_at": "2025-03-23T23:50:20.075384+00:00"
    }
  },
  {
    "model": "core.department",
    "pk": 11,
    "fields": {
      "name": "Anatomy",
      "description": "Vitae voluptas nam odit ullam reiciendis eligendi esse, voluptatum nulla odit laborum mollitia dignissimos ipsam expedita ullam maxime, maiores quidem exercitationem vel id?",
      "faculty": 3,
      "created_at": "2025-01-24T08:45:56.075448+00:00",
      "updated_at": "2025-02-16T11:46:45.075448+00:00"
    }
  },
  {
    "model": "core.department",
    "pk": 12,
    "fields": {
      "name": "Pediatrics",
      "description": "Dolorem cum nobis temporibus repellendus sequi ad beatae dignissimos veritatis aliquid ipsum, a consectetur voluptate fuga dolor accusantium repellendus, aliquid repudiandae laboriosam necessitatibus molestias quaerat dolore sint obcaecati, necessitatibus",
      "faculty": 3,
      "created_at": "2025-01-21T08:45:56.075482+00:00",
      "updated_at": "2025-03-03T01:28:18.075482+00:00"
    }
  },
  {
    "model": "core.department",
    "pk": 13,
    "fields": {
      "name": "Psychiatry",
      "description": "Est a numquam, nihil cupiditate blanditiis totam vitae delectus eaque modi voluptatum.\nEligendi blanditiis quis aut totam illo explicabo amet, dignissimos sit ratione unde facere?",
      "faculty": 3,
      "created_at": "2024-12-28T08:45:56.075534+00:00",
      "updated_at": "2025-02-06T09:01:29.075534+00:00"
    }
  },
  {
    "model": "core.department",
    "pk": 14,
    "fields": {
      "name": "Finance",
      "description": "Possimus ullam alias itaque omnis.",
      "faculty": 4,
      "created_at": "2024-12-30T08:45:56.075595+00:00",
      "updated_at": "2025-03-04T05:43:04.075595+00:00"
    }
  },
  {
    "model": "core.department",
    "pk": 15,
    "fields": {
      "name": "Marketing",
      "description": "Alias quae praesentium vero dolor quod adipisci quaerat porro inventore amet magni, id quae corporis minus quidem voluptatibus quibusdam odit laudantium velit eligendi laboriosam, obcaecati voluptatibus dignissimos exercitationem similique adipisci,",
      "faculty": 4,
      "created_at": "2025-02-16T08:45:56.075622+00:00",
      "updated_at": "2025-03-14T22:57:34.075622+00:00"
    }
  },
  {
    "model": "core.department",
    "pk": 16,
    "fields": {
      "name": "Accounting",
      "description": "Vitae ea odio tempore repellat neque asperiores veniam deleniti ratione molestiae.",
      "faculty": 4,
      "created_at": "2024-12-31T08:45:56.075659+00:00",
      "updated_at": "2025-01-24T10:16:04.075659+00:00"
    }
  },
  {
    "model": "core.department",
    "pk": 17,
    "fields": {
      "name": "Management",
      "description": "Id eligendi at tempore accusamus repellat neque.\nProvident quo adipisci asperiores nihil.",
      "faculty": 4,
      "created_at": "2025-01-07T08:45:56.075698+00:00",
      "updated_at": "2025-01-28T02:58:24.075698+00:00"
    }
  },
  {
    "model": "core.department",
    "pk": 18,
    "fields": {
      "name": "Languages",
      "description": "Alias temporibus voluptatum a architecto ipsum harum reprehenderit delectus.\nNatus deserunt nulla doloremque repudiandae harum enim sapiente, repellat quibusdam dolor.",
      "faculty": 5,
      "created_at": "2025-01-31T08:45:56.075728+00:00",
      "updated_at": "2025-03-31T14:06:46.075728+00:00"
    }
  },
  {
    "model": "core.department",
    "pk": 19,
    "fields": {
      "name": "Literature",
      "description": "Numquam nobis cum itaque voluptas eos aspernatur molestiae ad, officiis accusantium perferendis quasi voluptatibus error illum, aliquid est possimus molestiae nihil velit inventore, eos dolore perspiciatis?",
      "faculty": 5,
      "created_at": "2024-12-28T08:45:56.075760+00:00",
      "updated_at": "2025-02-26T22:28:10.075760+00:00"
    }
  },
  {
    "model": "core.department",
    "pk": 20,
    "fields": {
      "name": "Philosophy",
      "description": "Sapiente reiciendis nam aperiam rerum reprehenderit sint, exercitationem aperiam eius at saepe corporis amet molestiae nisi distinctio, consequatur dolore nisi nemo, voluptatum impedit totam consequuntur aperiam iste nemo at velit omnis porro, iusto sunt",
      "faculty": 5,
      "created_at": "2025-01-29T08:45:56.075793+00:00",
      "updated_at": "2025-02-28T06:32:21.075793+00:00"
    }
  },
  {
    "model": "core.department",
    "pk": 21,
    "fields": {
      "name": "History",
      "description": "Iusto ea et sequi repudiandae, molestias sapiente cum, rerum praesentium sunt earum?\nQuasi fugiat dolor amet earum officia alias aperiam non, quasi optio cupiditate vitae officiis, quae fuga magnam.",
      "faculty": 5,
      "created_at": "2025-01-22T08:45:56.075841+00:00",
      "updated_at": "2025-03-16T15:09:20.075841+00:00"
    }
  },
  {
    "model": "core.staff",
    "pk": 3,
    "fields": { "departments": [19, 21, 18, 20] }
  },
  { "model": "core.staff", "pk": 4, "fields": { "departments": [] } },
  {
    "model": "core.staff",
    "pk": 5,
    "fields": { "departments": [13, 14, 15, 3] }
  },
  { "model": "core.staff", "pk": 6, "fields": { "departments": [4, 1] } },
  {
    "model": "core.staff",
    "pk": 11,
    "fields": { "departments": [13, 12, 10] }
  },
  { "model": "core.staff", "pk": 13, "fields": { "departments": [20] } },
  {
    "model": "core.staff",
    "pk": 14,
    "fields": { "departments": [1, 3, 2, 4] }
  },
  {
    "model": "core.staff",
    "pk": 16,
    "fields": { "departments": [21, 19, 20, 18] }
  },
  {
    "model": "core.student",
    "pk": 1,
    "fields": { "student_no": "S-bOWv2-2024" }
  },
  {
    "model": "core.student",
    "pk": 2,
    "fields": { "student_no": "S-qjB1a-2023" }
  },
  {
    "model": "core.student",
    "pk": 7,
    "fields": { "student_no": "S-NrR3M-2023" }
  },
  {
    "model": "core.student",
    "pk": 8,
    "fields": { "student_no": "S-L5WC3-2023" }
  },
  {
    "model": "core.student",
    "pk": 9,
    "fields": { "student_no": "S-Wuwes-2024" }
  },
  {
    "model": "core.student",
    "pk": 10,
    "fields": { "student_no": "S-bvwr1-2024" }
  },
  {
    "model": "core.student",
    "pk": 12,
    "fields": { "student_no": "S-7etyn-2023" }
  },
  {
    "model": "core.category",
    "pk": 1,
    "fields": {
      "name": "impedit",
      "description": "Ipsam incidunt a odio vel consequatur facere, deserunt nisi iusto ex, error quisquam harum, illum laudantium quibusdam cum molestiae a incidunt?"
    }
  },
  {
    "model": "core.category",
    "pk": 2,
    "fields": {
      "name": "mollitia",
      "description": "Odit aut mollitia reiciendis molestias nulla corrupti sunt ut.\nOmnis blanditiis dignissimos sed architecto earum nam deleniti eveniet, fugit sapiente praesentium pariatur natus eveniet voluptatem commodi iste quisquam quidem ab?"
    }
  },
  {
    "model": "core.category",
    "pk": 3,
    "fields": {
      "name": "corporis",
      "description": "Commodi vitae eum nulla minima nobis ex, sequi sed cum dolore veniam dolores quas, vel quasi quo deserunt voluptate, perspiciatis deserunt architecto."
    }
  },
  {
    "model": "core.category",
    "pk": 4,
    "fields": {
      "name": "qui",
      "description": "Voluptas earum reiciendis labore officiis corporis saepe, modi deleniti excepturi, maxime expedita eius quibusdam ducimus perspiciatis."
    }
  },
  {
    "model": "core.category",
    "pk": 5,
    "fields": {
      "name": "pariatur",
      "description": "At excepturi similique facilis commodi culpa quos laboriosam dolor?\nError incidunt et."
    }
  },
  {
    "model": "core.category",
    "pk": 6,
    "fields": {
      "name": "aspernatur",
      "description": "Magnam id animi recusandae enim, excepturi necessitatibus cupiditate aliquid perferendis autem, similique est quas.\nMinima voluptate perspiciatis accusantium magni, dicta corrupti tempora aspernatur praesentium dolor suscipit magni quod libero molestiae"
    }
  },
  {
    "model": "core.category",
    "pk": 7,
    "fields": {
      "name": "suscipit",
      "description": "Alias sunt voluptatibus provident possimus quo cum eos in libero voluptatem voluptas, voluptatibus reprehenderit suscipit quod ratione, molestias id non quae doloribus quasi quisquam accusamus, quidem molestias corrupti quod quaerat perspiciatis deleniti"
    }
  },
  {
    "model": "core.category",
    "pk": 8,
    "fields": {
      "name": "inventore",
      "description": "Aliquid inventore incidunt tenetur dolorum id quasi totam rerum dicta odio eum."
    }
  },
  {
    "model": "core.category",
    "pk": 9,
    "fields": {
      "name": "voluptatem",
      "description": "Nobis eius rerum pariatur quae nesciunt enim nam obcaecati debitis, hic dolorem iste odit maxime soluta minus quos dolorum dolor esse?\nCulpa dolores necessitatibus harum dolorem sequi qui, voluptatibus ipsa ea nihil aliquid accusamus?"
    }
  },
  {
    "model": "core.category",
    "pk": 10,
    "fields": {
      "name": "asperiores",
      "description": "Corrupti aut nihil vitae nostrum ipsum eligendi, cumque culpa rerum amet fugiat accusamus ea aliquid voluptatem quia, a neque laboriosam, unde sapiente repellendus quasi quo dignissimos fugit a quisquam iure.\nVoluptate debitis quidem perspiciatis officiis"
    }
  },
  {
    "model": "core.category",
    "pk": 11,
    "fields": {
      "name": "autem",
      "description": "Repellat in perferendis explicabo inventore necessitatibus labore temporibus ducimus."
    }
  },
  {
    "model": "core.category",
    "pk": 12,
    "fields": {
      "name": "beatae",
      "description": "Ipsum impedit voluptatum similique sit laudantium iste voluptatibus sint nemo officia, quos ipsum quaerat porro provident natus ducimus, dolore nisi harum excepturi error odit?\nIpsam ducimus deserunt placeat pariatur iure non, praesentium suscipit"
    }
  },
  {
    "model": "core.category",
    "pk": 13,
    "fields": {
      "name": "molestiae",
      "description": "Natus quod repellat eos animi distinctio optio nostrum sit expedita, eveniet incidunt tempore soluta temporibus qui neque, dolorum fugiat magnam suscipit laboriosam hic itaque?\nDistinctio odit eum error."
    }
  },
  {
    "model": "core.category",
    "pk": 14,
    "fields": {
      "name": "corrupti",
      "description": "Ipsum voluptatibus quam dolores ex nesciunt quae doloremque maiores, culpa excepturi asperiores sint reiciendis, quisquam reiciendis iure excepturi consequatur magni?"
    }
  },
  {
    "model": "core.category",
    "pk": 15,
    "fields": {
      "name": "veniam",
      "description": "Neque et modi incidunt corporis magnam eius aspernatur illo consectetur, omnis aspernatur libero aliquam vel architecto cum non, dolorum unde non maiores excepturi?"
    }
  },
  {
    "model": "core.issue",
    "pk": 1,
    "fields": {
      "owner": 8,
      "assignee": 11,
      "title": "consectetur cum itaque maiores quis esse",
      "description": "Porro similique repellat quibusdam possimus.",
      "status": 8,
      "categories": [12, 4, 7, 6, 14, 13, 15, 11],
      "priority": 4,
      "escalation_level": 2,
      "notes": null,
      "created_at": "2025-03-07T08:45:56.076649+00:00",
      "updated_at": null
    }
  },
  {
    "model": "core.issue",
    "pk": 2,
    "fields": {
      "owner": 1,
      "assignee": null,
      "title": "nulla cupiditate corrupti non aspernatur veritatis quaerat et",
      "description": null,
      "status": 8,
      "categories": [13, 14, 1],
      "priority": 4,
      "escalation_level": 2,
      "notes": null,
      "created_at": "2025-02-01T08:45:56.076705+00:00",
      "updated_at": null
    }
  },
  {
    "model": "core.issue",
    "pk": 3,
    "fields": {
      "owner": 2,
      "assignee": null,
      "title": "nemo fuga officiis ea suscipit beatae natus quaerat iste",
      "description": "Sapiente quas odit rerum enim?",
      "status": 1,
      "categories": [8, 9, 12, 14, 15, 6, 7, 10, 3, 2, 13, 5, 1, 11, 4],
      "priority": 1,
      "escalation_level": 4,
      "notes": null,
      "created_at": "2025-02-23T08:45:56.076737+00:00",
      "updated_at": "2025-03-21T12:45:08.076737+00:00"
    }
  },
  {
    "model": "core.issue",
    "pk": 4,
    "fields": {
      "owner": 8,
      "assignee": 11,
      "title": "eius ipsam enim",
      "description": "Necessitatibus porro magnam esse molestias ea, quidem amet est vel inventore ratione architecto, fugit eum doloremque molestias aut natus explicabo reiciendis?",
      "status": 8,
      "categories": [9, 11, 6, 8],
      "priority": 1,
      "escalation_level": 2,
      "notes": null,
      "created_at": "2025-01-27T08:45:56.076774+00:00",
      "updated_at": "2025-03-15T23:09:50.076774+00:00"
    }
  },
  {
    "model": "core.issue",
    "pk": 5,
    "fields": {
      "owner": 8,
      "assignee": 14,
      "title": "suscipit amet quia cum",
      "description": "Omnis nemo repellat quis laboriosam eaque aut dolore.",
      "status": 8,
      "categories": [2, 11, 8, 4, 14, 9, 5, 15, 12, 7, 13, 10, 3, 6, 1],
      "priority": 2,
      "escalation_level": 4,
      "notes": "Alias fugit molestias dicta beatae, ducimus eaque ex? Distinctio doloremque ipsum commodi non dolor necessitatibus enim cupiditate nihil debitis, quam vitae obcaecati, soluta ex explicabo illum molestias atque ipsam perferendis consectetur libero, enim nam cumque, doloribus accusamus magni quis ducimus nulla repellat illo provident expedita?\nDolore officia facilis assumenda mollitia ducimus natus ex distinctio recusandae.\nHarum voluptatem neque sequi necessitatibus aliquid perferendis, nulla cumque est.\nIste adipisci autem maxime officia quod voluptates vel ipsa, iure est corporis rerum consequatur dolorem commodi fugiat perspiciatis, minus voluptate facilis error voluptatibus reiciendis ullam, necessitatibus deserunt eius doloremque harum ut, veritatis eligendi amet ratione labore ex fuga iure hic accusantium neque autem? Nostrum qui reiciendis non aperiam ducimus deserunt et amet laudantium distinctio, aliquid dolorum harum earum sunt, dignissimos recusandae corporis repellat ut, dolorum magni expedita officia quisquam rerum. Officiis laboriosam fugit ea neque sequi reiciendis nam voluptatibus nisi, labore aliquam quo, quis voluptatibus dolorem? Tenetur minus velit obcaecati ex quas porro ipsum culpa, obcaecati eligendi alias vitae voluptatem, rem natus sequi quo nam.",
      "created_at": "2025-02-14T08:45:56.076828+00:00",
      "updated_at": "2025-03-31T09:25:46.076828+00:00"
    }
  },
  {
    "model": "core.issue",
    "pk": 6,
    "fields": {
      "owner": 8,
      "assignee": 5,
      "title": "perferendis reprehenderit iusto cumque repellendus suscipit beatae voluptas explicabo temporibus",
      "description": "Vitae corporis ipsam dolorum quia ut, officia soluta vel accusantium at unde porro eaque ipsam, delectus at temporibus hic magnam, molestiae magni modi amet vero officia distinctio, ipsum facilis harum eveniet maiores consequatur delectus doloribus",
      "status": 1,
      "categories": [1, 3, 8, 14, 13],
      "priority": 2,
      "escalation_level": 2,
      "notes": null,
      "created_at": "2025-02-04T08:45:56.077006+00:00",
      "updated_at": "2025-03-14T20:06:17.077006+00:00"
    }
  },
  {
    "model": "core.issue",
    "pk": 7,
    "fields": {
      "owner": 8,
      "assignee": 13,
      "title": "architecto hic nulla ipsum nisi",
      "description": "Saepe ducimus inventore ex id dolores impedit nihil unde cumque delectus, consectetur quia sequi architecto, natus rerum repellat quasi atque mollitia ad error ex, consequatur exercitationem tempore?\nArchitecto modi fuga reprehenderit iusto, unde tempora",
      "status": 8,
      "categories": [7],
      "priority": 2,
      "escalation_level": 2,
      "notes": null,
      "created_at": "2025-02-02T08:45:56.077065+00:00",
      "updated_at": "2025-03-10T01:45:02.077065+00:00"
    }
  },
  {
    "model": "core.attachment",
    "pk": 1,
    "fields": {
      "file": "40863de5-c4c2-4dad-8d4e-959730f76f09",
      "issue_id": 6,
      "name": "libero dolor eligendi repellendus.gif",
      "type": "image/gif",
      "size": 124725,
      "created_at": "2025-01-11T08:45:56.077155+00:00"
    }
  },
  {
    "model": "core.attachment",
    "pk": 2,
    "fields": {
      "file": "8bd737c3-8f9f-4871-90a0-cc9cd3d1f83d",
      "issue_id": 1,
      "name": "blanditiis veniam.jpeg",
      "type": "image/jpeg",
      "size": 4502606,
      "created_at": "2025-03-27T08:45:56.077211+00:00"
    }
  },
  {
    "model": "core.attachment",
    "pk": 3,
    "fields": {
      "file": "8759ae3d-0aab-48ed-adc4-54ec26d07a3d",
      "issue_id": 1,
      "name": "esse_sunt_id_optio_quisquam_enim.pptx",
      "type": "application/vnd.openxmlformats-officedocument.presentationml.presentation",
      "size": 4244383,
      "created_at": "2024-12-27T08:45:56.077250+00:00"
    }
  },
  {
    "model": "core.attachment",
    "pk": 4,
    "fields": {
      "file": "3af1eaf0-f636-469a-95c8-6182c24ef67d",
      "issue_id": 4,
      "name": "dignissimos reiciendis at.gif",
      "type": "image/gif",
      "size": 3466616,
      "created_at": "2025-02-27T08:45:56.077282+00:00"
    }
  },
  {
    "model": "core.attachment",
    "pk": 5,
    "fields": {
      "file": "46552d27-e6f2-441a-acfc-c8072594dae9",
      "issue_id": 5,
      "name": "hic-error-excepturi-repellendus-est-possimus-earum.jpeg",
      "type": "image/jpeg",
      "size": 203855,
      "created_at": "2025-02-24T08:45:56.077320+00:00"
    }
  },
  {
    "model": "core.attachment",
    "pk": 6,
    "fields": {
      "file": "e279ec08-a775-4daf-b9da-cc60de2e31c1",
      "issue_id": 7,
      "name": "facilis_consequuntur_quod.pdf",
      "type": "application/pdf",
      "size": 1127264,
      "created_at": "2025-01-12T08:45:56.077349+00:00"
    }
  },
  {
    "model": "core.attachment",
    "pk": 7,
    "fields": {
      "file": "7319165b-12a1-4328-9fa0-98cab7b6eb9c",
      "issue_id": 6,
      "name": "fugiat nihil fuga.png",
      "type": "image/png",
      "size": 505509,
      "created_at": "2025-02-06T08:45:56.077378+00:00"
    }
  },
  {
    "model": "core.attachment",
    "pk": 8,
    "fields": {
      "file": "e9d6b7bb-71ee-4c31-bbf7-51786e3d53e7",
      "issue_id": 5,
      "name": "atque sed officiis cupiditate eveniet tempora vero.pptx",
      "type": "application/vnd.openxmlformats-officedocument.presentationml.presentation",
      "size": 84533,
      "created_at": "2025-02-26T08:45:56.077544+00:00"
    }
  },
  {
    "model": "core.attachment",
    "pk": 9,
    "fields": {
      "file": "8c36a819-8439-4cb9-91da-f5ecf27f4c87",
      "issue_id": 2,
      "name": "corporis quo fugit nisi blanditiis consequatur harum.png",
      "type": "image/png",
      "size": 3605714,
      "created_at": "2025-03-18T08:45:56.077624+00:00"
    }
  },
  {
    "model": "core.attachment",
    "pk": 10,
    "fields": {
      "file": "26ce46dd-b29e-4a66-8c23-fa3127534141",
      "issue_id": 7,
      "name": "adipisci-a-possimus-minus.doc",
      "type": "application/vnd.openxmlformats-officedocument.wordprocessingml.document",
      "size": 1035243,
      "created_at": "2025-03-29T08:45:56.077703+00:00"
    }
  },
  {
    "model": "core.attachment",
    "pk": 11,
    "fields": {
      "file": "1f3d4aac-b93b-4a0b-97c9-1e69da3e750b",
      "issue_id": 7,
      "name": "veritatis_ipsum_fugiat_nulla_perferendis_neque_animi.docx",
      "type": "application/vnd.openxmlformats-officedocument.wordprocessingml.document",
      "size": 1806646,
      "created_at": "2025-01-02T08:45:56.077771+00:00"
    }
  },
  {
    "model": "core.attachment",
    "pk": 12,
    "fields": {
      "file": "ef123a69-870b-42c2-9983-4734a14492cf",
      "issue_id": 3,
      "name": "doloribus-totam-dolores-possimus-nesciunt.doc",
      "type": "application/vnd.openxmlformats-officedocument.wordprocessingml.document",
      "size": 1930070,
      "created_at": "2024-12-30T08:45:56.077939+00:00"
    }
  },
  {
    "model": "core.attachment",
    "pk": 13,
    "fields": {
      "file": "cba134a3-d4bd-47b5-a54f-9dcbe61b32fb",
      "issue_id": 2,
      "name": "sint_deleniti_iure_commodi.pdf",
      "type": "application/pdf",
      "size": 934966,
      "created_at": "2025-02-25T08:45:56.078001+00:00"
    }
  },
  {
    "model": "core.attachment",
    "pk": 14,
    "fields": {
      "file": "23c2adbc-bace-4f09-95a2-016118cbc051",
      "issue_id": 6,
      "name": "nobis quos amet eligendi soluta.txt",
      "type": "text/plain",
      "size": 7416941,
      "created_at": "2025-01-28T08:45:56.078122+00:00"
    }
  },
  {
    "model": "core.attachment",
    "pk": 15,
    "fields": {
      "file": "f909ec26-f583-4a2b-b27f-5b01fe7e4b28",
      "issue_id": 7,
      "name": "perferendis-impedit.gif",
      "type": "image/gif",
      "size": 1293513,
      "created_at": "2025-01-02T08:45:56.078314+00:00"
    }
  },
  {
    "model": "core.attachment",
    "pk": 16,
    "fields": {
      "file": "ee2fa93d-a1af-4fe1-9df8-c6ac988c03db",
      "issue_id": 7,
      "name": "molestiae earum repudiandae laborum quis consequatur.docx",
      "type": "application/vnd.openxmlformats-officedocument.wordprocessingml.document",
      "size": 571803,
      "created_at": "2025-03-24T08:45:56.078373+00:00"
    }
  },
  {
    "model": "core.attachment",
    "pk": 17,
    "fields": {
      "file": "c1824ef0-fce0-4945-968d-1f8ae519aff8",
      "issue_id": 2,
      "name": "maxime-quam-aliquid-dicta.webp",
      "type": "image/webp",
      "size": 3754904,
      "created_at": "2025-02-20T08:45:56.078437+00:00"
    }
  },
  {
    "model": "core.attachment",
    "pk": 18,
    "fields": {
      "file": "89222d79-67e1-4be4-b5c9-a714a900e1e7",
      "issue_id": 7,
      "name": "quae_laboriosam_est_excepturi_fugit.webp",
      "type": "image/webp",
      "size": 1824286,
      "created_at": "2025-03-19T08:45:56.078613+00:00"
    }
  },
  {
    "model": "core.attachment",
    "pk": 19,
    "fields": {
      "file": "578be824-0e8e-47cf-8dfa-7319aed7f719",
      "issue_id": 5,
      "name": "quis_magni_voluptatibus_eum_consequatur.webp",
      "type": "image/webp",
      "size": 3988579,
      "created_at": "2025-03-26T08:45:56.078702+00:00"
    }
  },
  {
    "model": "core.attachment",
    "pk": 20,
    "fields": {
      "file": "4bbfc824-16bc-40bd-8c81-f82822818a76",
      "issue_id": 2,
      "name": "suscipit.jpeg",
      "type": "image/jpeg",
      "size": 3277642,
      "created_at": "2025-03-28T08:45:56.078761+00:00"
    }
  },
  {
    "model": "core.attachment",
    "pk": 21,
    "fields": {
      "file": "3907226f-be1b-4a1b-8936-364c452a6d2e",
      "issue_id": 6,
      "name": "dignissimos dolorum.gif",
      "type": "image/gif",
      "size": 2147278,
      "created_at": "2025-03-30T08:45:56.078831+00:00"
    }
  },
  {
    "model": "core.attachment",
    "pk": 22,
    "fields": {
      "file": "ff58d76f-0cab-4872-937d-1287f38f8c51",
      "issue_id": 1,
      "name": "sapiente necessitatibus vero velit fuga.ppt",
      "type": "application/vnd.openxmlformats-officedocument.presentationml.presentation",
      "size": 674263,
      "created_at": "2025-02-19T08:45:56.078941+00:00"
    }
  },
  {
    "model": "core.attachment",
    "pk": 23,
    "fields": {
      "file": "df8262d3-cc6b-4d7f-81b7-3d9251a877fa",
      "issue_id": 4,
      "name": "mollitia odit vero nemo dolores nihil facilis.webp",
      "type": "image/webp",
      "size": 5218520,
      "created_at": "2025-02-11T08:45:56.079029+00:00"
    }
  },
  {
    "model": "core.attachment",
    "pk": 24,
    "fields": {
      "file": "c0e7f0d5-ddbe-4148-b648-12d2470bf04e",
      "issue_id": 4,
      "name": "illo_excepturi.txt",
      "type": "text/plain",
      "size": 2958833,
      "created_at": "2025-04-02T08:45:56.079094+00:00"
    }
  },
  {
    "model": "core.attachment",
    "pk": 25,
    "fields": {
      "file": "07b9bf60-1fc4-4574-a3ed-fc8d23023ce0",
      "issue_id": 1,
      "name": "asperiores.webp",
      "type": "image/webp",
      "size": 5080104,
      "created_at": "2025-03-03T08:45:56.079166+00:00"
    }
  },
  {
    "model": "core.attachment",
    "pk": 26,
    "fields": {
      "file": "b8806918-213a-4f08-bc35-f5a1b4d13a5c",
      "issue_id": 6,
      "name": "voluptatem-repudiandae-cupiditate-distinctio-nostrum-necessitatibus.docx",
      "type": "application/vnd.openxmlformats-officedocument.wordprocessingml.document",
      "size": 2015441,
      "created_at": "2025-01-28T08:45:56.079371+00:00"
    }
  },
  {
    "model": "core.attachment",
    "pk": 27,
    "fields": {
      "file": "c3c32e56-95fc-4c67-8713-5153a3e6eb3d",
      "issue_id": 1,
      "name": "nemo iure ea quibusdam omnis unde.docx",
      "type": "application/vnd.openxmlformats-officedocument.wordprocessingml.document",
      "size": 3079326,
      "created_at": "2025-03-01T08:45:56.079443+00:00"
    }
  },
  {
    "model": "core.attachment",
    "pk": 28,
    "fields": {
      "file": "d2631d65-2cd7-4c5b-8cf3-3d5992cb706e",
      "issue_id": 7,
      "name": "atque quasi ratione magnam.png",
      "type": "image/png",
      "size": 1885327,
      "created_at": "2025-02-03T08:45:56.079572+00:00"
    }
  },
  {
    "model": "core.attachment",
    "pk": 29,
    "fields": {
      "file": "2a2d1591-a899-4764-8bb4-c917ec9d652f",
      "issue_id": 4,
      "name": "numquam a.ppt",
      "type": "application/vnd.openxmlformats-officedocument.presentationml.presentation",
      "size": 1666314,
      "created_at": "2025-03-23T08:45:56.079652+00:00"
    }
  },
  {
    "model": "core.attachment",
    "pk": 30,
    "fields": {
      "file": "7ce2d9ab-33cf-4ea5-b3db-ccda2edb7d2c",
      "issue_id": 3,
      "name": "excepturi.doc",
      "type": "application/vnd.openxmlformats-officedocument.wordprocessingml.document",
      "size": 4604924,
      "created_at": "2025-02-09T08:45:56.079743+00:00"
    }
  },
  {
    "model": "core.attachment",
    "pk": 31,
    "fields": {
      "file": "f0c2a3ae-90b5-4931-bfb2-c0826ea507f9",
      "issue_id": 4,
      "name": "quia_accusantium_dicta_autem_facilis.jpeg",
      "type": "image/jpeg",
      "size": 5422247,
      "created_at": "2025-03-04T08:45:56.079806+00:00"
    }
  },
  {
    "model": "core.attachment",
    "pk": 32,
    "fields": {
      "file": "c1911e57-8a93-4575-88c0-7f4121583d95",
      "issue_id": 4,
      "name": "eos_ex_soluta_sed_a_assumenda.webp",
      "type": "image/webp",
      "size": 9081758,
      "created_at": "2025-01-10T08:45:56.080009+00:00"
    }
  },
  {
    "model": "core.attachment",
    "pk": 33,
    "fields": {
      "file": "a8d212a6-f1e9-4668-b893-e9ae90406596",
      "issue_id": 2,
      "name": "eveniet-eum-molestiae-aliquam-illo.jpeg",
      "type": "image/jpeg",
      "size": 3820,
      "created_at": "2025-01-14T08:45:56.080076+00:00"
    }
  },
  {
    "model": "core.attachment",
    "pk": 34,
    "fields": {
      "file": "3b901155-4b32-4c90-93ec-abbb9e1ca36a",
      "issue_id": 3,
      "name": "labore-repellat-aperiam-at-sunt-ea-impedit-non.txt",
      "type": "text/plain",
      "size": 2258988,
      "created_at": "2025-02-03T08:45:56.080279+00:00"
    }
  },
  {
    "model": "core.attachment",
    "pk": 35,
    "fields": {
      "file": "bfc4af45-707b-4731-a4ba-fd32298e46af",
      "issue_id": 1,
      "name": "consectetur maxime temporibus quibusdam quod nam.doc",
      "type": "application/vnd.openxmlformats-officedocument.wordprocessingml.document",
      "size": 2491906,
      "created_at": "2025-01-13T08:45:56.080450+00:00"
    }
  },
  {
    "model": "core.attachment",
    "pk": 36,
    "fields": {
      "file": "d2bec92a-fe64-44f9-b0ce-2ec0626a1b9d",
      "issue_id": 4,
      "name": "ad.jpeg",
      "type": "image/jpeg",
      "size": 1767941,
      "created_at": "2025-02-10T08:45:56.080519+00:00"
    }
  },
  {
    "model": "core.attachment",
    "pk": 37,
    "fields": {
      "file": "029b0e35-7f74-4c58-bd6c-cda120146406",
      "issue_id": 7,
      "name": "quas-cum-aperiam.gif",
      "type": "image/gif",
      "size": 1733829,
      "created_at": "2025-03-25T08:45:56.080576+00:00"
    }
  },
  {
    "model": "core.attachment",
    "pk": 38,
    "fields": {
      "file": "a6587484-dc44-40aa-b77a-16aad0ae5b8f",
      "issue_id": 1,
      "name": "sit ipsum amet ad architecto beatae totam.ppt",
      "type": "application/vnd.openxmlformats-officedocument.presentationml.presentation",
      "size": 4173111,
      "created_at": "2025-04-01T08:45:56.080677+00:00"
    }
  },
  {
    "model": "core.attachment",
    "pk": 39,
    "fields": {
      "file": "9a0098c9-1c86-4bd6-b6eb-52ab6f747b4e",
      "issue_id": 1,
      "name": "nam-dicta-enim-neque-possimus-explicabo.doc",
      "type": "application/vnd.openxmlformats-officedocument.wordprocessingml.document",
      "size": 324150,
      "created_at": "2025-02-10T08:45:56.080853+00:00"
    }
  },
  {
    "model": "core.attachment",
    "pk": 40,
    "fields": {
      "file": "db696f16-8c26-4171-9a8f-ff3bf3b02953",
      "issue_id": 3,
      "name": "magni_delectus_provident.docx",
      "type": "application/vnd.openxmlformats-officedocument.wordprocessingml.document",
      "size": 4654812,
      "created_at": "2025-02-04T08:45:56.080939+00:00"
    }
  },
  {
    "model": "core.attachment",
    "pk": 41,
    "fields": {
      "file": "b7657a57-6c8a-4b29-b48e-956de4dbdf44",
      "issue_id": 2,
      "name": "ratione-aliquid-a-aut-architecto-fuga-veniam-inventore.ppt",
      "type": "application/vnd.openxmlformats-officedocument.presentationml.presentation",
      "size": 10266984,
      "created_at": "2025-03-02T08:45:56.081031+00:00"
    }
  },
  {
    "model": "core.attachment",
    "pk": 42,
    "fields": {
      "file": "ef58195a-567e-4cdd-a5bc-7fc51b5633e7",
      "issue_id": 2,
      "name": "reiciendis_omnis.doc",
      "type": "application/vnd.openxmlformats-officedocument.wordprocessingml.document",
      "size": 3064310,
      "created_at": "2025-02-04T08:45:56.081091+00:00"
    }
  },
  {
    "model": "core.attachment",
    "pk": 43,
    "fields": {
      "file": "57a7d853-d2ad-4bcd-a08f-9bf69e9beb2a",
      "issue_id": 5,
      "name": "veniam-dicta-voluptas-soluta-id-ducimus-illum.pptx",
      "type": "application/vnd.openxmlformats-officedocument.presentationml.presentation",
      "size": 1928328,
      "created_at": "2025-01-26T08:45:56.081214+00:00"
    }
  },
  {
    "model": "core.attachment",
    "pk": 44,
    "fields": {
      "file": "30c83b60-a27a-435f-a3d3-50724f70ecd0",
      "issue_id": 4,
      "name": "odio_eligendi.webp",
      "type": "image/webp",
      "size": 623991,
      "created_at": "2025-03-11T08:45:56.081271+00:00"
    }
  },
  {
    "model": "core.attachment",
    "pk": 45,
    "fields": {
      "file": "832a9da7-2f5f-438e-9d80-3161ea9eab65",
      "issue_id": 7,
      "name": "dicta-numquam-aspernatur-consectetur-quisquam.pdf",
      "type": "application/pdf",
      "size": 1748582,
      "created_at": "2025-03-18T08:45:56.081363+00:00"
    }
  },
  {
    "model": "core.attachment",
    "pk": 46,
    "fields": {
      "file": "dbef92c6-8a64-42a4-aeb6-6d87f330bd81",
      "issue_id": 5,
      "name": "neque.webp",
      "type": "image/webp",
      "size": 2810215,
      "created_at": "2025-03-29T08:45:56.081457+00:00"
    }
  },
  {
    "model": "core.attachment",
    "pk": 47,
    "fields": {
      "file": "9f9436f8-6c50-4a12-9bc9-7bfcdc125f1c",
      "issue_id": 6,
      "name": "nihil.pdf",
      "type": "application/pdf",
      "size": 6654736,
      "created_at": "2025-02-13T08:45:56.081544+00:00"
    }
  },
  {
    "model": "core.attachment",
    "pk": 48,
    "fields": {
      "file": "9acf9f55-87a0-4e79-a652-33e56d913013",
      "issue_id": 3,
      "name": "voluptas.pptx",
      "type": "application/vnd.openxmlformats-officedocument.presentationml.presentation",
      "size": 2000676,
      "created_at": "2024-12-30T08:45:56.081615+00:00"
    }
  },
  {
    "model": "core.attachment",
    "pk": 49,
    "fields": {
      "file": "55813cbc-f625-40ba-8f10-f3738e8cb5c5",
      "issue_id": 7,
      "name": "incidunt culpa soluta cupiditate repellendus ad numquam voluptas.webp",
      "type": "image/webp",
      "size": 1394956,
      "created_at": "2025-01-18T08:45:56.081681+00:00"
    }
  },
  {
    "model": "core.attachment",
    "pk": 50,
    "fields": {
      "file": "cc47de99-3fd2-42cb-bb24-53fd0fa7d393",
      "issue_id": 4,
      "name": "laborum qui iste itaque possimus iure.jpeg",
      "type": "image/jpeg",
      "size": 9323324,
      "created_at": "2025-01-26T08:45:56.081755+00:00"
    }
  },
  {
    "model": "core.attachment",
    "pk": 51,
    "fields": {
      "file": "9aee9716-3078-460b-86e5-212011db03b5",
      "issue_id": 3,
      "name": "ad assumenda aliquid similique animi.webp",
      "type": "image/webp",
      "size": 3668888,
      "created_at": "2025-01-14T08:45:56.081977+00:00"
    }
  },
  {
    "model": "core.attachment",
    "pk": 52,
    "fields": {
      "file": "08a3d849-00f8-41d0-9d36-974c6e518cb0",
      "issue_id": 6,
      "name": "iste.txt",
      "type": "text/plain",
      "size": 6563909,
      "created_at": "2025-03-21T08:45:56.082035+00:00"
    }
  },
  {
    "model": "core.attachment",
    "pk": 53,
    "fields": {
      "file": "55a81cef-c79a-4e08-9612-dde31dba9f16",
      "issue_id": 4,
      "name": "vel nisi tempora rerum numquam laudantium.txt",
      "type": "text/plain",
      "size": 10042163,
      "created_at": "2024-12-30T08:45:56.082095+00:00"
    }
  },
  {
    "model": "core.attachment",
    "pk": 54,
    "fields": {
      "file": "934f6012-b092-45fd-81fd-baabfceabe11",
      "issue_id": 5,
      "name": "qui assumenda deleniti id voluptates recusandae minima.webp",
      "type": "image/webp",
      "size": 2281962,
      "created_at": "2025-03-23T08:45:56.082153+00:00"
    }
  },
  {
    "model": "core.attachment",
    "pk": 55,
    "fields": {
      "file": "431eff56-8710-4567-af78-492b30721005",
      "issue_id": 3,
      "name": "incidunt_praesentium_ipsum_tenetur_doloremque_odit.pdf",
      "type": "application/pdf",
      "size": 7730058,
      "created_at": "2025-02-08T08:45:56.082231+00:00"
    }
  },
  {
    "model": "core.attachment",
    "pk": 56,
    "fields": {
      "file": "03be96c4-3eb2-4772-b803-06dd36495abf",
      "issue_id": 3,
      "name": "repellat doloribus maiores eaque magnam.png",
      "type": "image/png",
      "size": 4770764,
      "created_at": "2025-02-22T08:45:56.082314+00:00"
    }
  },
  {
    "model": "core.attachment",
    "pk": 57,
    "fields": {
      "file": "9fbd0769-123f-45e3-ae14-a5fa12311ca3",
      "issue_id": 2,
      "name": "natus-vitae-quibusdam-asperiores-officia-recusandae-beatae-tempore.pdf",
      "type": "application/pdf",
      "size": 2197968,
      "created_at": "2025-03-15T08:45:56.082410+00:00"
    }
  },
  {
    "model": "core.attachment",
    "pk": 58,
    "fields": {
      "file": "2c8df79a-a364-47e5-b34b-b6886f284138",
      "issue_id": 5,
      "name": "iusto-omnis.ppt",
      "type": "application/vnd.openxmlformats-officedocument.presentationml.presentation",
      "size": 5014694,
      "created_at": "2025-04-03T08:45:56.082558+00:00"
    }
  },
  {
    "model": "core.attachment",
    "pk": 59,
    "fields": {
      "file": "a8956f98-ed83-4a90-bfd6-a3353b008952",
      "issue_id": 7,
      "name": "amet-iure-consectetur-modi-quia-quam-alias.jpg",
      "type": "image/jpeg",
      "size": 4291193,
      "created_at": "2025-01-04T08:45:56.082671+00:00"
    }
  },
  {
    "model": "core.attachment",
    "pk": 60,
    "fields": {
      "file": "60b559f4-3b97-45a5-baf1-338732bec146",
      "issue_id": 2,
      "name": "aperiam_esse_veniam_placeat_consectetur_incidunt_expedita.gif",
      "type": "image/gif",
      "size": 5037407,
      "created_at": "2025-01-05T08:45:56.082726+00:00"
    }
  },
  {
    "model": "core.attachment",
    "pk": 61,
    "fields": {
      "file": "b1996072-f05a-455d-827a-c74bc5878a38",
      "issue_id": 1,
      "name": "cumque ab dolorem ducimus cum dolorum numquam reiciendis.jpg",
      "type": "image/jpeg",
      "size": 1224445,
      "created_at": "2025-01-13T08:45:56.082797+00:00"
    }
  },
  {
    "model": "core.attachment",
    "pk": 62,
    "fields": {
      "file": "0e0f09cb-46f9-4170-9e77-bfa83a768f45",
      "issue_id": 7,
      "name": "iure.jpg",
      "type": "image/jpeg",
      "size": 1801123,
      "created_at": "2024-12-25T08:45:56.082854+00:00"
    }
  },
  {
    "model": "core.attachment",
    "pk": 63,
    "fields": {
      "file": "727ef205-5b37-40fb-9d8e-9e3a42d3f25c",
      "issue_id": 5,
      "name": "quae-iusto-impedit-dicta-minus-corporis.pdf",
      "type": "application/pdf",
      "size": 4828200,
      "created_at": "2025-01-03T08:45:56.082974+00:00"
    }
  },
  {
    "model": "core.attachment",
    "pk": 64,
    "fields": {
      "file": "9a4f88a4-73de-4d80-8155-e98fdc60efc0",
      "issue_id": 1,
      "name": "ex_dolorum_error_possimus.jpg",
      "type": "image/jpeg",
      "size": 4972829,
      "created_at": "2025-02-09T08:45:56.083068+00:00"
    }
  },
  {
    "model": "core.attachment",
    "pk": 65,
    "fields": {
      "file": "84ad1382-3c96-4ad7-bb8f-bb07acb136d2",
      "issue_id": 2,
      "name": "autem_eligendi_est.png",
      "type": "image/png",
      "size": 2303621,
      "created_at": "2025-02-05T08:45:56.083161+00:00"
    }
  },
  {
    "model": "core.issuelog",
    "pk": 1,
    "fields": {
      "issue_id": 1,
      "actor": 11,
      "attachments": null,
      "created_at": "2025-03-17T08:45:56.077442+00:00",
      "assignee": null,
      "categories": [12, 4, 7, 6, 14, 13, 15, 11],
      "status": 8,
      "priority": 8,
      "escalation_level": 2
    }
  },
  {
    "model": "core.issuelog",
    "pk": 2,
    "fields": {
      "issue_id": 7,
      "actor": 13,
      "attachments": null,
      "created_at": "2025-03-10T08:45:56.077476+00:00",
      "assignee": 13,
      "categories": [],
      "status": 8,
      "priority": 2,
      "escalation_level": 2
    }
  },
  {
    "model": "core.issuelog",
    "pk": 3,
    "fields": {
      "issue_id": 5,
      "actor": 14,
      "attachments": "e9d6b7bb-71ee-4c31-bbf7-51786e3d53e7",
      "created_at": "2025-03-19T08:45:56.077516+00:00",
      "assignee": 14,
      "categories": [2, 11, 8, 4, 14, 9, 5, 15, 12, 7, 13, 10, 3, 6, 1],
      "status": 8,
      "priority": 8,
      "escalation_level": 4
    }
  },
  {
    "model": "core.issuelog",
    "pk": 4,
    "fields": {
      "issue_id": 2,
      "actor": 3,
      "attachments": "8c36a819-8439-4cb9-91da-f5ecf27f4c87",
      "created_at": "2025-02-20T08:45:56.077588+00:00",
      "assignee": 3,
      "categories": [13, 14, 1],
      "status": 8,
      "priority": 4,
      "escalation_level": 2
    }
  },
  {
    "model": "core.issuelog",
    "pk": 5,
    "fields": {
      "issue_id": 7,
      "actor": 11,
      "attachments": "26ce46dd-b29e-4a66-8c23-fa3127534141",
      "created_at": "2025-03-01T08:45:56.077673+00:00",
      "assignee": 13,
      "categories": [7],
      "status": 1,
      "priority": 2,
      "escalation_level": 2
    }
  },
  {
    "model": "core.issuelog",
    "pk": 6,
    "fields": {
      "issue_id": 7,
      "actor": 13,
      "attachments": "1f3d4aac-b93b-4a0b-97c9-1e69da3e750b",
      "created_at": "2025-03-12T08:45:56.077743+00:00",
      "assignee": 16,
      "categories": [7],
      "status": 8,
      "priority": 8,
      "escalation_level": 2
    }
  },
  {
    "model": "core.issuelog",
    "pk": 7,
    "fields": {
      "issue_id": 1,
      "actor": 11,
      "attachments": null,
      "created_at": "2025-03-29T08:45:56.077806+00:00",
      "assignee": null,
      "categories": [12, 4, 7, 6, 14, 13, 15, 11],
      "status": 16,
      "priority": 4,
      "escalation_level": 2
    }
  },
  {
    "model": "core.issuelog",
    "pk": 8,
    "fields": {
      "issue_id": 5,
      "actor": 11,
      "attachments": null,
      "created_at": "2025-03-02T08:45:56.077855+00:00",
      "assignee": 14,
      "categories": [11, 2, 8, 6, 7, 5, 1, 13],
      "status": 8,
      "priority": 2,
      "escalation_level": 4
    }
  },
  {
    "model": "core.issuelog",
    "pk": 9,
    "fields": {
      "issue_id": 3,
      "actor": 17,
      "attachments": "ef123a69-870b-42c2-9983-4734a14492cf",
      "created_at": "2025-03-06T08:45:56.077902+00:00",
      "assignee": null,
      "categories": [8, 9, 12, 14, 15, 6, 7, 10, 3, 2, 13, 5, 1, 11, 4],
      "status": 1,
      "priority": 1,
      "escalation_level": 4
    }
  },
  {
    "model": "core.issuelog",
    "pk": 10,
    "fields": {
      "issue_id": 2,
      "actor": 5,
      "attachments": "cba134a3-d4bd-47b5-a54f-9dcbe61b32fb",
      "created_at": "2025-02-11T08:45:56.077973+00:00",
      "assignee": null,
      "categories": [13, 14, 1],
      "status": 8,
      "priority": 4,
      "escalation_level": 2
    }
  },
  {
    "model": "core.issuelog",
    "pk": 11,
    "fields": {
      "issue_id": 6,
      "actor": 5,
      "attachments": null,
      "created_at": "2025-02-08T08:45:56.078045+00:00",
      "assignee": 5,
      "categories": [1, 3, 8, 14, 13],
      "status": 1,
      "priority": 4,
      "escalation_level": 2
    }
  },
  {
    "model": "core.issuelog",
    "pk": 12,
    "fields": {
      "issue_id": 5,
      "actor": 14,
      "attachments": null,
      "created_at": "2025-04-02T08:45:56.078065+00:00",
      "assignee": 14,
      "categories": [2, 11, 8, 4, 14, 9, 5, 15, 12, 7, 13, 10, 3, 6, 1],
      "status": 8,
      "priority": 2,
      "escalation_level": 4
    }
  },
  {
    "model": "core.issuelog",
    "pk": 13,
    "fields": {
      "issue_id": 6,
      "actor": 5,
      "attachments": "23c2adbc-bace-4f09-95a2-016118cbc051",
      "created_at": "2025-04-02T08:45:56.078093+00:00",
      "assignee": 5,
      "categories": [1, 13, 8],
      "status": 8,
      "priority": 2,
      "escalation_level": 2
    }
  },
  {
    "model": "core.issuelog",
    "pk": 14,
    "fields": {
      "issue_id": 5,
      "actor": 14,
      "attachments": null,
      "created_at": "2025-02-27T08:45:56.078154+00:00",
      "assignee": 14,
      "categories": [2, 11, 8, 4, 14, 9, 5, 15, 12, 7, 13, 10, 3, 6, 1],
      "status": 8,
      "priority": 2,
      "escalation_level": 2
    }
  },
  {
    "model": "core.issuelog",
    "pk": 15,
    "fields": {
      "issue_id": 1,
      "actor": 11,
      "attachments": null,
      "created_at": "2025-04-03T08:45:56.078174+00:00",
      "assignee": 11,
      "categories": [12, 4, 7, 6, 14, 13, 15, 11],
      "status": 4,
      "priority": 4,
      "escalation_level": 2
    }
  },
  {
    "model": "core.issuelog",
    "pk": 16,
    "fields": {
      "issue_id": 5,
      "actor": 14,
      "attachments": null,
      "created_at": "2025-03-07T08:45:56.078235+00:00",
      "assignee": 14,
      "categories": [8, 15, 6, 14, 7],
      "status": 8,
      "priority": 2,
      "escalation_level": 4
    }
  },
  {
    "model": "core.issuelog",
    "pk": 17,
    "fields": {
      "issue_id": 7,
      "actor": 13,
      "attachments": "f909ec26-f583-4a2b-b27f-5b01fe7e4b28",
      "created_at": "2025-03-02T08:45:56.078286+00:00",
      "assignee": 4,
      "categories": [7],
      "status": 4,
      "priority": 2,
      "escalation_level": 2
    }
  },
  {
    "model": "core.issuelog",
    "pk": 18,
    "fields": {
      "issue_id": 7,
      "actor": 13,
      "attachments": "ee2fa93d-a1af-4fe1-9df8-c6ac988c03db",
      "created_at": "2025-03-29T08:45:56.078346+00:00",
      "assignee": 13,
      "categories": [7],
      "status": 8,
      "priority": 4,
      "escalation_level": 2
    }
  },
  {
    "model": "core.issuelog",
    "pk": 19,
    "fields": {
      "issue_id": 2,
      "actor": 16,
      "attachments": "c1824ef0-fce0-4945-968d-1f8ae519aff8",
      "created_at": "2025-03-25T08:45:56.078413+00:00",
      "assignee": null,
      "categories": [13, 14, 1],
      "status": 8,
      "priority": 4,
      "escalation_level": 1
    }
  },
  {
    "model": "core.issuelog",
    "pk": 20,
    "fields": {
      "issue_id": 6,
      "actor": 5,
      "attachments": null,
      "created_at": "2025-03-07T08:45:56.078527+00:00",
      "assignee": 5,
      "categories": [1],
      "status": 2,
      "priority": 2,
      "escalation_level": 2
    }
  },
  {
    "model": "core.issuelog",
    "pk": 21,
    "fields": {
      "issue_id": 7,
      "actor": 13,
      "attachments": null,
      "created_at": "2025-03-28T08:45:56.078546+00:00",
      "assignee": null,
      "categories": [7],
      "status": 8,
      "priority": 2,
      "escalation_level": 2
    }
  },
  {
    "model": "core.issuelog",
    "pk": 22,
    "fields": {
      "issue_id": 6,
      "actor": 5,
      "attachments": null,
      "created_at": "2025-03-02T08:45:56.078569+00:00",
      "assignee": 5,
      "categories": [14, 13],
      "status": 1,
      "priority": 2,
      "escalation_level": 2
    }
  },
  {
    "model": "core.issuelog",
    "pk": 23,
    "fields": {
      "issue_id": 7,
      "actor": 13,
      "attachments": "89222d79-67e1-4be4-b5c9-a714a900e1e7",
      "created_at": "2025-02-13T08:45:56.078588+00:00",
      "assignee": 13,
      "categories": [7],
      "status": 8,
      "priority": 4,
      "escalation_level": 2
    }
  },
  {
    "model": "core.issuelog",
    "pk": 24,
    "fields": {
      "issue_id": 5,
      "actor": 14,
      "attachments": "578be824-0e8e-47cf-8dfa-7319aed7f719",
      "created_at": "2025-03-13T08:45:56.078679+00:00",
      "assignee": 3,
      "categories": [3, 9],
      "status": 8,
      "priority": 2,
      "escalation_level": 4
    }
  },
  {
    "model": "core.issuelog",
    "pk": 25,
    "fields": {
      "issue_id": 2,
      "actor": 11,
      "attachments": "4bbfc824-16bc-40bd-8c81-f82822818a76",
      "created_at": "2025-03-19T08:45:56.078737+00:00",
      "assignee": null,
      "categories": [13, 1],
      "status": 8,
      "priority": 8,
      "escalation_level": 2
    }
  },
  {
    "model": "core.issuelog",
    "pk": 26,
    "fields": {
      "issue_id": 6,
      "actor": 5,
      "attachments": "3907226f-be1b-4a1b-8936-364c452a6d2e",
      "created_at": "2025-03-05T08:45:56.078799+00:00",
      "assignee": 5,
      "categories": [1, 3, 8, 14, 13],
      "status": 1,
      "priority": 8,
      "escalation_level": 2
    }
  },
  {
    "model": "core.issuelog",
    "pk": 27,
    "fields": {
      "issue_id": 7,
      "actor": 13,
      "attachments": null,
      "created_at": "2025-03-01T08:45:56.078871+00:00",
      "assignee": 13,
      "categories": [7],
      "status": 8,
      "priority": 4,
      "escalation_level": 2
    }
  },
  {
    "model": "core.issuelog",
    "pk": 28,
    "fields": {
      "issue_id": 1,
      "actor": 11,
      "attachments": "ff58d76f-0cab-4872-937d-1287f38f8c51",
      "created_at": "2025-03-23T08:45:56.078918+00:00",
      "assignee": 11,
      "categories": [12, 4, 7, 6, 14, 13, 15, 11],
      "status": 8,
      "priority": 8,
      "escalation_level": 2
    }
  },
  {
    "model": "core.issuelog",
    "pk": 29,
    "fields": {
      "issue_id": 4,
      "actor": 11,
      "attachments": "df8262d3-cc6b-4d7f-81b7-3d9251a877fa",
      "created_at": "2025-01-30T08:45:56.078999+00:00",
      "assignee": 11,
      "categories": [9, 8],
      "status": 4,
      "priority": 1,
      "escalation_level": 2
    }
  },
  {
    "model": "core.issuelog",
    "pk": 30,
    "fields": {
      "issue_id": 4,
      "actor": 11,
      "attachments": "c0e7f0d5-ddbe-4148-b648-12d2470bf04e",
      "created_at": "2025-04-01T08:45:56.079071+00:00",
      "assignee": 11,
      "categories": [9, 11, 6, 8],
      "status": 8,
      "priority": 1,
      "escalation_level": 2
    }
  },
  {
    "model": "core.issuelog",
    "pk": 31,
    "fields": {
      "issue_id": 1,
      "actor": 11,
      "attachments": "07b9bf60-1fc4-4574-a3ed-fc8d23023ce0",
      "created_at": "2025-03-22T08:45:56.079145+00:00",
      "assignee": 11,
      "categories": [12, 4, 7, 6, 14, 13, 15, 11],
      "status": 8,
      "priority": 4,
      "escalation_level": 2
    }
  },
  {
    "model": "core.issuelog",
    "pk": 32,
    "fields": {
      "issue_id": 7,
      "actor": 13,
      "attachments": null,
      "created_at": "2025-02-18T08:45:56.079221+00:00",
      "assignee": 13,
      "categories": [7],
      "status": 8,
      "priority": 1,
      "escalation_level": 2
    }
  },
  {
    "model": "core.issuelog",
    "pk": 33,
    "fields": {
      "issue_id": 4,
      "actor": 6,
      "attachments": null,
      "created_at": "2025-02-06T08:45:56.079251+00:00",
      "assignee": null,
      "categories": [9, 8],
      "status": 8,
      "priority": 8,
      "escalation_level": 2
    }
  },
  {
    "model": "core.issuelog",
    "pk": 34,
    "fields": {
      "issue_id": 3,
      "actor": 16,
      "attachments": null,
      "created_at": "2025-03-23T08:45:56.079307+00:00",
      "assignee": null,
      "categories": [8, 9, 12, 14, 15, 6, 7, 10, 3, 2, 13, 5, 1, 11, 4],
      "status": 1,
      "priority": 1,
      "escalation_level": 4
    }
  },
  {
    "model": "core.issuelog",
    "pk": 35,
    "fields": {
      "issue_id": 6,
      "actor": 5,
      "attachments": "b8806918-213a-4f08-bc35-f5a1b4d13a5c",
      "created_at": "2025-03-12T08:45:56.079345+00:00",
      "assignee": 11,
      "categories": [1, 3, 8, 14, 13],
      "status": 1,
      "priority": 2,
      "escalation_level": 2
    }
  },
  {
    "model": "core.issuelog",
    "pk": 36,
    "fields": {
      "issue_id": 1,
      "actor": 11,
      "attachments": "c3c32e56-95fc-4c67-8713-5153a3e6eb3d",
      "created_at": "2025-03-09T08:45:56.079416+00:00",
      "assignee": 11,
      "categories": [12, 4, 7, 6, 14, 13, 15, 11],
      "status": 8,
      "priority": 2,
      "escalation_level": 2
    }
  },
  {
    "model": "core.issuelog",
    "pk": 37,
    "fields": {
      "issue_id": 7,
      "actor": 13,
      "attachments": null,
      "created_at": "2025-02-27T08:45:56.079504+00:00",
      "assignee": 13,
      "categories": [],
      "status": 8,
      "priority": 2,
      "escalation_level": 2
    }
  },
  {
    "model": "core.issuelog",
    "pk": 38,
    "fields": {
      "issue_id": 7,
      "actor": 13,
      "attachments": "d2631d65-2cd7-4c5b-8cf3-3d5992cb706e",
      "created_at": "2025-02-05T08:45:56.079538+00:00",
      "assignee": 3,
      "categories": [7],
      "status": 8,
      "priority": 2,
      "escalation_level": 2
    }
  },
  {
    "model": "core.issuelog",
    "pk": 39,
    "fields": {
      "issue_id": 4,
      "actor": 11,
      "attachments": "2a2d1591-a899-4764-8bb4-c917ec9d652f",
      "created_at": "2025-03-31T08:45:56.079619+00:00",
      "assignee": 11,
      "categories": [],
      "status": 1,
      "priority": 8,
      "escalation_level": 4
    }
  },
  {
    "model": "core.issuelog",
    "pk": 40,
    "fields": {
      "issue_id": 3,
      "actor": 17,
      "attachments": "7ce2d9ab-33cf-4ea5-b3db-ccda2edb7d2c",
      "created_at": "2025-03-08T08:45:56.079713+00:00",
      "assignee": 5,
      "categories": [8, 9, 12, 14, 15, 6, 7, 10, 3, 2, 13, 5, 1, 11, 4],
      "status": 1,
      "priority": 1,
      "escalation_level": 2
    }
  },
  {
    "model": "core.issuelog",
    "pk": 41,
    "fields": {
      "issue_id": 4,
      "actor": 11,
      "attachments": "f0c2a3ae-90b5-4931-bfb2-c0826ea507f9",
      "created_at": "2025-02-09T08:45:56.079771+00:00",
      "assignee": 11,
      "categories": [9, 11, 6, 8],
      "status": 8,
      "priority": 1,
      "escalation_level": 2
    }
  },
  {
    "model": "core.issuelog",
    "pk": 42,
    "fields": {
      "issue_id": 6,
      "actor": 5,
      "attachments": null,
      "created_at": "2025-02-15T08:45:56.079893+00:00",
      "assignee": 16,
      "categories": [1, 3, 8, 14, 13],
      "status": 1,
      "priority": 8,
      "escalation_level": 2
    }
  },
  {
    "model": "core.issuelog",
    "pk": 43,
    "fields": {
      "issue_id": 5,
      "actor": 6,
      "attachments": null,
      "created_at": "2025-02-24T08:45:56.079921+00:00",
      "assignee": 14,
      "categories": [2, 11, 8, 4, 14, 9, 5, 15, 12, 7, 13, 10, 3, 6, 1],
      "status": 2,
      "priority": 2,
      "escalation_level": 4
    }
  },
  {
    "model": "core.issuelog",
    "pk": 44,
    "fields": {
      "issue_id": 2,
      "actor": 13,
      "attachments": null,
      "created_at": "2025-03-22T08:45:56.079939+00:00",
      "assignee": null,
      "categories": [13, 14, 1],
      "status": 8,
      "priority": 4,
      "escalation_level": 2
    }
  },
  {
    "model": "core.issuelog",
    "pk": 45,
    "fields": {
      "issue_id": 4,
      "actor": 11,
      "attachments": "c1911e57-8a93-4575-88c0-7f4121583d95",
      "created_at": "2025-03-06T08:45:56.079984+00:00",
      "assignee": 11,
      "categories": [9, 11, 6, 8],
      "status": 8,
      "priority": 1,
      "escalation_level": 4
    }
  },
  {
    "model": "core.issuelog",
    "pk": 46,
    "fields": {
      "issue_id": 2,
      "actor": 16,
      "attachments": "a8d212a6-f1e9-4668-b893-e9ae90406596",
      "created_at": "2025-02-18T08:45:56.080048+00:00",
      "assignee": null,
      "categories": [14],
      "status": 8,
      "priority": 4,
      "escalation_level": 2
    }
  },
  {
    "model": "core.issuelog",
    "pk": 47,
    "fields": {
      "issue_id": 4,
      "actor": 11,
      "attachments": null,
      "created_at": "2025-02-15T08:45:56.080115+00:00",
      "assignee": 11,
      "categories": [11, 8, 9],
      "status": 4,
      "priority": 1,
      "escalation_level": 2
    }
  },
  {
    "model": "core.issuelog",
    "pk": 48,
    "fields": {
      "issue_id": 6,
      "actor": 5,
      "attachments": null,
      "created_at": "2025-03-25T08:45:56.080167+00:00",
      "assignee": 6,
      "categories": [8],
      "status": 16,
      "priority": 2,
      "escalation_level": 2
    }
  },
  {
    "model": "core.issuelog",
    "pk": 49,
    "fields": {
      "issue_id": 1,
      "actor": 3,
      "attachments": null,
      "created_at": "2025-03-07T08:45:56.080185+00:00",
      "assignee": 11,
      "categories": [12, 4, 7, 6, 14, 13, 15, 11],
      "status": 8,
      "priority": 1,
      "escalation_level": 2
    }
  },
  {
    "model": "core.issuelog",
    "pk": 50,
    "fields": {
      "issue_id": 3,
      "actor": 15,
      "attachments": "3b901155-4b32-4c90-93ec-abbb9e1ca36a",
      "created_at": "2025-03-15T08:45:56.080251+00:00",
      "assignee": null,
      "categories": [14, 13, 7, 2, 8],
      "status": 2,
      "priority": 1,
      "escalation_level": 4
    }
  },
  {
    "model": "core.issuelog",
    "pk": 51,
    "fields": {
      "issue_id": 6,
      "actor": 5,
      "attachments": null,
      "created_at": "2025-04-01T08:45:56.080311+00:00",
      "assignee": 5,
      "categories": [1, 3, 8, 14, 13],
      "status": 1,
      "priority": 4,
      "escalation_level": 2
    }
  },
  {
    "model": "core.issuelog",
    "pk": 52,
    "fields": {
      "issue_id": 2,
      "actor": 11,
      "attachments": null,
      "created_at": "2025-04-02T08:45:56.080334+00:00",
      "assignee": null,
      "categories": [1],
      "status": 8,
      "priority": 4,
      "escalation_level": 2
    }
  },
  {
    "model": "core.issuelog",
    "pk": 53,
    "fields": {
      "issue_id": 1,
      "actor": 11,
      "attachments": null,
      "created_at": "2025-03-27T08:45:56.080405+00:00",
      "assignee": 16,
      "categories": [12, 4, 7, 6, 14, 13, 15, 11],
      "status": 1,
      "priority": 4,
      "escalation_level": 2
    }
  },
  {
    "model": "core.issuelog",
    "pk": 54,
    "fields": {
      "issue_id": 1,
      "actor": 15,
      "attachments": "bfc4af45-707b-4731-a4ba-fd32298e46af",
      "created_at": "2025-03-26T08:45:56.080426+00:00",
      "assignee": 3,
      "categories": [12, 4, 7, 6, 14, 13, 15, 11],
      "status": 8,
      "priority": 4,
      "escalation_level": 2
    }
  },
  {
    "model": "core.issuelog",
    "pk": 55,
    "fields": {
      "issue_id": 4,
      "actor": 11,
      "attachments": "d2bec92a-fe64-44f9-b0ce-2ec0626a1b9d",
      "created_at": "2025-02-13T08:45:56.080489+00:00",
      "assignee": 11,
      "categories": [8],
      "status": 8,
      "priority": 1,
      "escalation_level": 2
    }
  },
  {
    "model": "core.issuelog",
    "pk": 56,
    "fields": {
      "issue_id": 7,
      "actor": 13,
      "attachments": "029b0e35-7f74-4c58-bd6c-cda120146406",
      "created_at": "2025-02-28T08:45:56.080551+00:00",
      "assignee": 13,
      "categories": [7],
      "status": 8,
      "priority": 4,
      "escalation_level": 2
    }
  },
  {
    "model": "core.issuelog",
    "pk": 57,
    "fields": {
      "issue_id": 1,
      "actor": 11,
      "attachments": "a6587484-dc44-40aa-b77a-16aad0ae5b8f",
      "created_at": "2025-03-17T08:45:56.080644+00:00",
      "assignee": 11,
      "categories": [14, 7],
      "status": 8,
      "priority": 4,
      "escalation_level": 1
    }
  },
  {
    "model": "core.issuelog",
    "pk": 58,
    "fields": {
      "issue_id": 1,
      "actor": 11,
      "attachments": "9a0098c9-1c86-4bd6-b6eb-52ab6f747b4e",
      "created_at": "2025-03-12T08:45:56.080823+00:00",
      "assignee": 11,
      "categories": [12, 4, 7, 6, 14, 13, 15, 11],
      "status": 8,
      "priority": 4,
      "escalation_level": 2
    }
  },
  {
    "model": "core.issuelog",
    "pk": 59,
    "fields": {
      "issue_id": 3,
      "actor": 13,
      "attachments": "db696f16-8c26-4171-9a8f-ff3bf3b02953",
      "created_at": "2025-03-15T08:45:56.080914+00:00",
      "assignee": null,
      "categories": [8, 9, 12, 14, 15, 6, 7, 10, 3, 2, 13, 5, 1, 11, 4],
      "status": 8,
      "priority": 1,
      "escalation_level": 4
    }
  },
  {
    "model": "core.issuelog",
    "pk": 60,
    "fields": {
      "issue_id": 7,
      "actor": 13,
      "attachments": null,
      "created_at": "2025-02-23T08:45:56.080978+00:00",
      "assignee": null,
      "categories": [7],
      "status": 8,
      "priority": 2,
      "escalation_level": 2
    }
  },
  {
    "model": "core.issuelog",
    "pk": 61,
    "fields": {
      "issue_id": 2,
      "actor": 13,
      "attachments": "b7657a57-6c8a-4b29-b48e-956de4dbdf44",
      "created_at": "2025-02-10T08:45:56.081002+00:00",
      "assignee": null,
      "categories": [14],
      "status": 8,
      "priority": 4,
      "escalation_level": 2
    }
  },
  {
    "model": "core.issuelog",
    "pk": 62,
    "fields": {
      "issue_id": 2,
      "actor": 16,
      "attachments": "ef58195a-567e-4cdd-a5bc-7fc51b5633e7",
      "created_at": "2025-02-25T08:45:56.081065+00:00",
      "assignee": 16,
      "categories": [13, 14, 1],
      "status": 8,
      "priority": 4,
      "escalation_level": 2
    }
  },
  {
    "model": "core.issuelog",
    "pk": 63,
    "fields": {
      "issue_id": 6,
      "actor": 5,
      "attachments": null,
      "created_at": "2025-02-11T08:45:56.081138+00:00",
      "assignee": 5,
      "categories": [1, 13],
      "status": 1,
      "priority": 2,
      "escalation_level": 2
    }
  },
  {
    "model": "core.issuelog",
    "pk": 64,
    "fields": {
      "issue_id": 5,
      "actor": 14,
      "attachments": "57a7d853-d2ad-4bcd-a08f-9bf69e9beb2a",
      "created_at": "2025-03-18T08:45:56.081188+00:00",
      "assignee": 14,
      "categories": [2, 11, 8, 4, 14, 9, 5, 15, 12, 7, 13, 10, 3, 6, 1],
      "status": 8,
      "priority": 1,
      "escalation_level": 4
    }
  },
  {
    "model": "core.issuelog",
    "pk": 65,
    "fields": {
      "issue_id": 4,
      "actor": 15,
      "attachments": "30c83b60-a27a-435f-a3d3-50724f70ecd0",
      "created_at": "2025-03-23T08:45:56.081249+00:00",
      "assignee": null,
      "categories": [],
      "status": 8,
      "priority": 1,
      "escalation_level": 2
    }
  },
  {
    "model": "core.issuelog",
    "pk": 66,
    "fields": {
      "issue_id": 7,
      "actor": 13,
      "attachments": "832a9da7-2f5f-438e-9d80-3161ea9eab65",
      "created_at": "2025-02-24T08:45:56.081339+00:00",
      "assignee": 13,
      "categories": [7],
      "status": 8,
      "priority": 2,
      "escalation_level": 1
    }
  },
  {
    "model": "core.issuelog",
    "pk": 67,
    "fields": {
      "issue_id": 4,
      "actor": 14,
      "attachments": null,
      "created_at": "2025-01-27T08:45:56.081401+00:00",
      "assignee": 11,
      "categories": [9, 11, 6, 8],
      "status": 1,
      "priority": 1,
      "escalation_level": 2
    }
  },
  {
    "model": "core.issuelog",
    "pk": 68,
    "fields": {
      "issue_id": 5,
      "actor": 14,
      "attachments": "dbef92c6-8a64-42a4-aeb6-6d87f330bd81",
      "created_at": "2025-04-01T08:45:56.081436+00:00",
      "assignee": 14,
      "categories": [4, 6, 9, 13],
      "status": 8,
      "priority": 2,
      "escalation_level": 4
    }
  },
  {
    "model": "core.issuelog",
    "pk": 69,
    "fields": {
      "issue_id": 1,
      "actor": 16,
      "attachments": null,
      "created_at": "2025-04-02T08:45:56.081494+00:00",
      "assignee": 11,
      "categories": [12, 4, 7, 6, 14, 13, 15, 11],
      "status": 8,
      "priority": 8,
      "escalation_level": 2
    }
  },
  {
    "model": "core.issuelog",
    "pk": 70,
    "fields": {
      "issue_id": 6,
      "actor": 17,
      "attachments": "9f9436f8-6c50-4a12-9bc9-7bfcdc125f1c",
      "created_at": "2025-02-12T08:45:56.081516+00:00",
      "assignee": 5,
      "categories": [1, 3, 8, 14, 13],
      "status": 1,
      "priority": 2,
      "escalation_level": 2
    }
  },
  {
    "model": "core.issuelog",
    "pk": 71,
    "fields": {
      "issue_id": 3,
      "actor": 3,
      "attachments": "9acf9f55-87a0-4e79-a652-33e56d913013",
      "created_at": "2025-04-03T08:45:56.081591+00:00",
      "assignee": null,
      "categories": [11, 3, 14, 9],
      "status": 1,
      "priority": 1,
      "escalation_level": 2
    }
  },
  {
    "model": "core.issuelog",
    "pk": 72,
    "fields": {
      "issue_id": 7,
      "actor": 13,
      "attachments": "55813cbc-f625-40ba-8f10-f3738e8cb5c5",
      "created_at": "2025-03-03T08:45:56.081655+00:00",
      "assignee": 13,
      "categories": [7],
      "status": 8,
      "priority": 1,
      "escalation_level": 2
    }
  },
  {
    "model": "core.issuelog",
    "pk": 73,
    "fields": {
      "issue_id": 4,
      "actor": 11,
      "attachments": "cc47de99-3fd2-42cb-bb24-53fd0fa7d393",
      "created_at": "2025-01-31T08:45:56.081726+00:00",
      "assignee": 4,
      "categories": [9, 11, 6, 8],
      "status": 8,
      "priority": 1,
      "escalation_level": 2
    }
  },
  {
    "model": "core.issuelog",
    "pk": 74,
    "fields": {
      "issue_id": 7,
      "actor": 13,
      "attachments": null,
      "created_at": "2025-02-03T08:45:56.081795+00:00",
      "assignee": 13,
      "categories": [7],
      "status": 8,
      "priority": 2,
      "escalation_level": 2
    }
  },
  {
    "model": "core.issuelog",
    "pk": 75,
    "fields": {
      "issue_id": 7,
      "actor": 13,
      "attachments": null,
      "created_at": "2025-02-17T08:45:56.081869+00:00",
      "assignee": 13,
      "categories": [7],
      "status": 8,
      "priority": 2,
      "escalation_level": 2
    }
  },
  {
    "model": "core.issuelog",
    "pk": 76,
    "fields": {
      "issue_id": 3,
      "actor": 4,
      "attachments": null,
      "created_at": "2025-02-24T08:45:56.081890+00:00",
      "assignee": null,
      "categories": [8, 9, 12, 14, 15, 6, 7, 10, 3, 2, 13, 5, 1, 11, 4],
      "status": 1,
      "priority": 1,
      "escalation_level": 4
    }
  },
  {
    "model": "core.issuelog",
    "pk": 77,
    "fields": {
      "issue_id": 3,
      "actor": 16,
      "attachments": null,
      "created_at": "2025-03-19T08:45:56.081917+00:00",
      "assignee": null,
      "categories": [8, 9, 12, 14, 15, 6, 7, 10, 3, 2, 13, 5, 1, 11, 4],
      "status": 1,
      "priority": 8,
      "escalation_level": 4
    }
  },
  {
    "model": "core.issuelog",
    "pk": 78,
    "fields": {
      "issue_id": 3,
      "actor": 15,
      "attachments": "9aee9716-3078-460b-86e5-212011db03b5",
      "created_at": "2025-03-19T08:45:56.081954+00:00",
      "assignee": null,
      "categories": [8, 9, 12, 14, 15, 6, 7, 10, 3, 2, 13, 5, 1, 11, 4],
      "status": 16,
      "priority": 1,
      "escalation_level": 4
    }
  },
  {
    "model": "core.issuelog",
    "pk": 79,
    "fields": {
      "issue_id": 6,
      "actor": 5,
      "attachments": "08a3d849-00f8-41d0-9d36-974c6e518cb0",
      "created_at": "2025-02-22T08:45:56.082011+00:00",
      "assignee": null,
      "categories": [1, 3, 8, 14, 13],
      "status": 1,
      "priority": 1,
      "escalation_level": 2
    }
  },
  {
    "model": "core.issuelog",
    "pk": 80,
    "fields": {
      "issue_id": 4,
      "actor": 4,
      "attachments": "55a81cef-c79a-4e08-9612-dde31dba9f16",
      "created_at": "2025-04-03T08:45:56.082067+00:00",
      "assignee": 11,
      "categories": [9, 11, 6, 8],
      "status": 1,
      "priority": 1,
      "escalation_level": 2
    }
  },
  {
    "model": "core.issuelog",
    "pk": 81,
    "fields": {
      "issue_id": 5,
      "actor": 14,
      "attachments": "934f6012-b092-45fd-81fd-baabfceabe11",
      "created_at": "2025-03-15T08:45:56.082128+00:00",
      "assignee": 14,
      "categories": [2, 11, 8, 4, 14, 9, 5, 15, 12, 7, 13, 10, 3, 6, 1],
      "status": 4,
      "priority": 1,
      "escalation_level": 4
    }
  },
  {
    "model": "core.issuelog",
    "pk": 82,
    "fields": {
      "issue_id": 3,
      "actor": 14,
      "attachments": "431eff56-8710-4567-af78-492b30721005",
      "created_at": "2025-02-26T08:45:56.082207+00:00",
      "assignee": null,
      "categories": [8, 9, 12, 14, 15, 6, 7, 10, 3, 2, 13, 5, 1, 11, 4],
      "status": 1,
      "priority": 2,
      "escalation_level": 4
    }
  },
  {
    "model": "core.issuelog",
    "pk": 83,
    "fields": {
      "issue_id": 3,
      "actor": 4,
      "attachments": "03be96c4-3eb2-4772-b803-06dd36495abf",
      "created_at": "2025-03-01T08:45:56.082291+00:00",
      "assignee": 6,
      "categories": [8, 9, 12, 14, 15, 6, 7, 10, 3, 2, 13, 5, 1, 11, 4],
      "status": 1,
      "priority": 1,
      "escalation_level": 4
    }
  },
  {
    "model": "core.issuelog",
    "pk": 84,
    "fields": {
      "issue_id": 5,
      "actor": 14,
      "attachments": null,
      "created_at": "2025-03-19T08:45:56.082361+00:00",
      "assignee": null,
      "categories": [9, 8],
      "status": 8,
      "priority": 2,
      "escalation_level": 4
    }
  },
  {
    "model": "core.issuelog",
    "pk": 85,
    "fields": {
      "issue_id": 2,
      "actor": 13,
      "attachments": "9fbd0769-123f-45e3-ae14-a5fa12311ca3",
      "created_at": "2025-03-06T08:45:56.082383+00:00",
      "assignee": 5,
      "categories": [13, 14, 1],
      "status": 8,
      "priority": 4,
      "escalation_level": 2
    }
  },
  {
    "model": "core.issuelog",
    "pk": 86,
    "fields": {
      "issue_id": 4,
      "actor": 11,
      "attachments": null,
      "created_at": "2025-03-28T08:45:56.082451+00:00",
      "assignee": null,
      "categories": [],
      "status": 8,
      "priority": 8,
      "escalation_level": 2
    }
  },
  {
    "model": "core.issuelog",
    "pk": 87,
    "fields": {
      "issue_id": 5,
      "actor": 14,
      "attachments": null,
      "created_at": "2025-03-20T08:45:56.082482+00:00",
      "assignee": 14,
      "categories": [2, 11, 8, 4, 14, 9, 5, 15, 12, 7, 13, 10, 3, 6, 1],
      "status": 8,
      "priority": 2,
      "escalation_level": 1
    }
  },
  {
    "model": "core.issuelog",
    "pk": 88,
    "fields": {
      "issue_id": 5,
      "actor": 14,
      "attachments": "2c8df79a-a364-47e5-b34b-b6886f284138",
      "created_at": "2025-02-15T08:45:56.082535+00:00",
      "assignee": null,
      "categories": [13],
      "status": 8,
      "priority": 2,
      "escalation_level": 4
    }
  },
  {
    "model": "core.issuelog",
    "pk": 89,
    "fields": {
      "issue_id": 1,
      "actor": 11,
      "attachments": null,
      "created_at": "2025-04-03T08:45:56.082620+00:00",
      "assignee": 11,
      "categories": [],
      "status": 8,
      "priority": 4,
      "escalation_level": 2
    }
  },
  {
    "model": "core.issuelog",
    "pk": 90,
    "fields": {
      "issue_id": 7,
      "actor": 6,
      "attachments": "a8956f98-ed83-4a90-bfd6-a3353b008952",
      "created_at": "2025-03-30T08:45:56.082648+00:00",
      "assignee": 13,
      "categories": [7],
      "status": 8,
      "priority": 2,
      "escalation_level": 2
    }
  },
  {
    "model": "core.issuelog",
    "pk": 91,
    "fields": {
      "issue_id": 2,
      "actor": 11,
      "attachments": "60b559f4-3b97-45a5-baf1-338732bec146",
      "created_at": "2025-02-21T08:45:56.082701+00:00",
      "assignee": null,
      "categories": [13, 14, 1],
      "status": 8,
      "priority": 4,
      "escalation_level": 2
    }
  },
  {
    "model": "core.issuelog",
    "pk": 92,
    "fields": {
      "issue_id": 1,
      "actor": 11,
      "attachments": "b1996072-f05a-455d-827a-c74bc5878a38",
      "created_at": "2025-03-24T08:45:56.082762+00:00",
      "assignee": 11,
      "categories": [12, 4, 7, 6, 14, 13, 15, 11],
      "status": 2,
      "priority": 4,
      "escalation_level": 2
    }
  },
  {
    "model": "core.issuelog",
    "pk": 93,
    "fields": {
      "issue_id": 7,
      "actor": 13,
      "attachments": "0e0f09cb-46f9-4170-9e77-bfa83a768f45",
      "created_at": "2025-03-12T08:45:56.082829+00:00",
      "assignee": 13,
      "categories": [7],
      "status": 16,
      "priority": 2,
      "escalation_level": 2
    }
  },
  {
    "model": "core.issuelog",
    "pk": 94,
    "fields": {
      "issue_id": 2,
      "actor": 15,
      "attachments": null,
      "created_at": "2025-02-21T08:45:56.082919+00:00",
      "assignee": null,
      "categories": [],
      "status": 8,
      "priority": 4,
      "escalation_level": 2
    }
  },
  {
    "model": "core.issuelog",
    "pk": 95,
    "fields": {
      "issue_id": 5,
      "actor": 14,
      "attachments": "727ef205-5b37-40fb-9d8e-9e3a42d3f25c",
      "created_at": "2025-02-24T08:45:56.082941+00:00",
      "assignee": 14,
      "categories": [2, 11, 8, 4, 14, 9, 5, 15, 12, 7, 13, 10, 3, 6, 1],
      "status": 8,
      "priority": 2,
      "escalation_level": 1
    }
  },
  {
    "model": "core.issuelog",
    "pk": 96,
    "fields": {
      "issue_id": 1,
      "actor": 15,
      "attachments": "9a4f88a4-73de-4d80-8155-e98fdc60efc0",
      "created_at": "2025-03-28T08:45:56.083046+00:00",
      "assignee": 11,
      "categories": [12, 4, 7, 6, 14, 13, 15, 11],
      "status": 8,
      "priority": 4,
      "escalation_level": 2
    }
  },
  {
    "model": "core.issuelog",
    "pk": 97,
    "fields": {
      "issue_id": 3,
      "actor": 11,
      "attachments": null,
      "created_at": "2025-03-11T08:45:56.083117+00:00",
      "assignee": null,
      "categories": [8, 4, 3, 11, 5],
      "status": 1,
      "priority": 4,
      "escalation_level": 4
    }
  },
  {
    "model": "core.issuelog",
    "pk": 98,
    "fields": {
      "issue_id": 2,
      "actor": 17,
      "attachments": "84ad1382-3c96-4ad7-bb8f-bb07acb136d2",
      "created_at": "2025-02-03T08:45:56.083137+00:00",
      "assignee": null,
      "categories": [13, 14, 1],
      "status": 8,
      "priority": 4,
      "escalation_level": 2
    }
  }
]
